os,cpu,gpu,ram,kernel,driver,cpuscheduler
Steam Runtime 4,Intel Core i5-10600K CPU @ 4.10GHz,NVIDIA GeForce RTX 2060 SUPER,16259504,7.0.10-1-cachyos,,powersave
fps,frametime,cpu_load,cpu_power,gpu_load,cpu_temp,gpu_temp,gpu_core_clock,gpu_mem_clock,gpu_vram_used,gpu_power,ram_used,swap_used,process_rss,cpu_mhz,elapsed
168.866,5.92185,42.3012,0,70,78,82,1839,7000,3.33295,151,6.65034,1.65006,0,4500,111718141
168.391,5.93855,42.3012,0,70,78,82,1839,7000,3.33295,151,6.65034,1.65006,0,4500,211919376
165.437,6.04459,42.3012,0,70,78,82,1839,7000,3.33295,151,6.65034,1.65006,0,4500,312002731
174.497,5.73076,42.3012,0,70,78,82,1839,7000,3.33295,151,6.65034,1.65006,0,4500,412087613
167.133,5.98327,42.3012,0,70,78,82,1839,7000,3.33295,151,6.65034,1.65006,0,4500,512169163
177.468,5.63483,41.6096,0,70,78,82,1839,7000,3.33295,151,6.64912,1.65006,0,4503,612250756
172.721,5.7897,41.6096,0,70,78,82,1839,7000,3.33295,151,6.64912,1.65006,0,4503,712341789
175.129,5.71009,41.6096,0,70,78,82,1839,7000,3.33295,151,6.64912,1.65006,0,4503,812426662
181.596,5.50674,41.6096,0,70,78,82,1839,7000,3.33295,151,6.64912,1.65006,0,4503,912481473
176.674,5.66014,41.6096,0,70,78,82,1839,7000,3.33295,151,6.64912,1.65006,0,4503,1012564104
176.927,5.65204,41.6096,0,70,78,82,1839,7000,3.33295,152,6.64935,1.65006,0,4500,1112652329
171.743,5.82264,41.6096,0,70,78,82,1839,7000,3.33295,152,6.64935,1.65006,0,4500,1212731848
171.364,5.83552,41.6096,0,70,78,82,1839,7000,3.33295,152,6.64935,1.65006,0,4500,1312810738
174.952,5.71586,41.6096,0,70,78,82,1839,7000,3.33295,152,6.64935,1.65006,0,4500,1412932784
173.471,5.76465,41.6096,0,70,78,82,1839,7000,3.33295,152,6.64935,1.65006,0,4500,1513017110
180.555,5.53848,41.2671,0,70,78,82,1835,7000,3.33295,154,6.64889,1.65006,0,4515,1613100762
161.186,6.20402,41.2671,0,70,78,82,1835,7000,3.33295,154,6.64889,1.65006,0,4515,1713178287
164.837,6.06661,41.2671,0,70,78,82,1835,7000,3.33295,154,6.64889,1.65006,0,4515,1813259620
174.277,5.73798,41.2671,0,70,78,82,1835,7000,3.33295,154,6.64889,1.65006,0,4515,1913326700
171.036,5.84673,41.2671,0,70,78,82,1835,7000,3.33295,154,6.64889,1.65006,0,4515,2013593888
174.686,5.72455,43.311,0,70,79,82,1833,7000,3.33295,147,6.64898,1.65006,0,4504,2113676812
170.058,5.88036,43.311,0,70,79,82,1833,7000,3.33295,147,6.64898,1.65006,0,4504,2213770453
172.731,5.78936,43.311,0,70,79,82,1833,7000,3.33295,147,6.64898,1.65006,0,4504,2313848885
172.97,5.78135,43.311,0,70,79,82,1833,7000,3.33295,147,6.64898,1.65006,0,4504,2413882586
160.458,6.23214,43.311,0,70,79,82,1833,7000,3.33295,147,6.64898,1.65006,0,4504,2513967891
161.649,6.18625,42.2034,0,70,79,82,1833,7000,3.33295,147,6.64795,1.65006,0,4507,2614062155
170.392,5.86883,42.2034,0,70,79,82,1833,7000,3.33295,147,6.64795,1.65006,0,4507,2714155387
172.538,5.79583,42.2034,0,70,79,82,1833,7000,3.33295,147,6.64795,1.65006,0,4507,2814243079
176.152,5.6769,42.2034,0,70,79,82,1833,7000,3.33295,147,6.64795,1.65006,0,4507,2914329154
171.268,5.83881,42.2034,0,70,79,82,1833,7000,3.33295,147,6.64795,1.65006,0,4507,3014410924
170.755,5.85634,41.1263,0,70,79,82,1834,7000,3.33295,150,6.65029,1.65006,0,4501,3114496996
162.115,6.16846,41.1263,0,70,79,82,1834,7000,3.33295,150,6.65029,1.65006,0,4501,3214580990
164.334,6.08516,41.1263,0,70,79,82,1834,7000,3.33295,150,6.65029,1.65006,0,4501,3314674136
168.714,5.9272,41.1263,0,70,79,82,1834,7000,3.33295,150,6.65029,1.65006,0,4501,3414759842
173.282,5.77093,41.1263,0,70,79,82,1834,7000,3.33295,150,6.65029,1.65006,0,4501,3514838917
177.511,5.63345,43.1667,0,69,79,82,1837,7000,3.33295,152,6.649,1.65006,0,4502,3614919836
166.452,6.00773,43.1667,0,69,79,82,1837,7000,3.33295,152,6.649,1.65006,0,4502,3715000277
174.122,5.74309,43.1667,0,69,79,82,1837,7000,3.33295,152,6.649,1.65006,0,4502,3815083066
171.208,5.84086,43.1667,0,69,79,82,1837,7000,3.33295,152,6.649,1.65006,0,4502,3915219468
171.909,5.81705,43.1667,0,69,79,82,1837,7000,3.33295,152,6.649,1.65006,0,4502,4015302568
166.698,5.99889,42.3729,0,69,79,82,1835,7000,3.33295,150,6.64924,1.65006,0,4508,4115383687
141.347,7.0748,42.3729,0,69,79,82,1835,7000,3.33295,150,6.64924,1.65006,0,4508,4215470654
178.085,5.61529,42.3729,0,69,79,82,1835,7000,3.33295,150,6.64924,1.65006,0,4508,4315565778
169.287,5.90714,42.3729,0,69,79,82,1835,7000,3.33295,150,6.64924,1.65006,0,4508,4415651930
171.248,5.83949,42.3729,0,69,79,82,1835,7000,3.33295,150,6.64924,1.65006,0,4508,4515738168
176.183,5.67592,41.9795,0,69,79,82,1835,7000,3.33295,150,6.64902,1.65006,0,4501,4615789057
174.398,5.734,41.9795,0,69,79,82,1835,7000,3.33295,150,6.64902,1.65006,0,4501,4715874178
177.33,5.6392,41.9795,0,69,79,82,1835,7000,3.33295,150,6.64902,1.65006,0,4501,4815953580
173.595,5.76055,41.9795,0,69,79,82,1835,7000,3.33295,150,6.64902,1.65006,0,4501,4916035330
181.541,5.50839,41.9795,0,69,79,82,1835,7000,3.33295,150,6.64902,1.65006,0,4501,5016131569
164.125,6.09293,43.7186,0,69,79,82,1832,7000,3.33295,150,6.64902,1.65006,0,4509,5116218810
175.06,5.71233,43.7186,0,69,79,82,1832,7000,3.33295,150,6.64902,1.65006,0,4509,5216302333
175.921,5.68438,43.7186,0,69,79,82,1832,7000,3.33295,150,6.64902,1.65006,0,4509,5316381254
177.469,5.6348,43.7186,0,69,79,82,1832,7000,3.33295,150,6.64902,1.65006,0,4509,5416462947
176.815,5.65562,43.7186,0,69,79,82,1832,7000,3.33295,150,6.64902,1.65006,0,4509,5516529346
179.55,5.56947,43.5726,0,70,79,82,1827,7000,3.33295,151,6.64906,1.65006,0,4509,5616622235
181.599,5.50664,43.5726,0,70,79,82,1827,7000,3.33295,151,6.64906,1.65006,0,4509,5716702713
168.851,5.92238,43.5726,0,70,79,82,1827,7000,3.33295,151,6.64906,1.65006,0,4509,5816795032
172.36,5.80181,43.5726,0,70,79,82,1827,7000,3.33295,151,6.64906,1.65006,0,4509,5916877187
154.206,6.48484,43.5726,0,70,79,82,1827,7000,3.33295,151,6.64906,1.65006,0,4509,6016966068
166.141,6.01897,43.2203,0,72,79,82,1824,7000,3.33295,147,6.64941,1.65006,0,4500,6117052018
175.753,5.68981,43.2203,0,72,79,82,1824,7000,3.33295,147,6.64941,1.65006,0,4500,6217133100
184.802,5.41119,43.2203,0,72,79,82,1824,7000,3.33295,147,6.64941,1.65006,0,4500,6317183728
175.618,5.69419,43.2203,0,72,79,82,1824,7000,3.33295,147,6.64941,1.65006,0,4500,6417270378
175.448,5.69971,43.2203,0,72,79,82,1824,7000,3.33295,147,6.64941,1.65006,0,4500,6517350714
176.105,5.67844,42.9293,0,72,79,82,1824,7000,3.33295,147,6.64919,1.65006,0,4504,6617430939
164.958,6.06216,42.9293,0,72,79,82,1824,7000,3.33295,147,6.64919,1.65006,0,4504,6717516700
170.05,5.88062,42.9293,0,72,79,82,1824,7000,3.33295,147,6.64919,1.65006,0,4504,6817601310
179.23,5.57944,42.9293,0,72,79,82,1824,7000,3.33295,147,6.64919,1.65006,0,4504,6917683448
169.721,5.89201,42.9293,0,72,79,82,1824,7000,3.33295,147,6.64919,1.65006,0,4504,7017766880
164.421,6.08194,42.5894,0,71,79,82,1833,7000,3.33295,151,6.64919,1.65006,0,4504,7117847354
172.16,5.80856,42.5894,0,71,79,82,1833,7000,3.33295,151,6.64919,1.65006,0,4504,7217929508
182.842,5.46921,42.5894,0,71,79,82,1833,7000,3.33295,151,6.64919,1.65006,0,4504,7318017837
172.371,5.80145,42.5894,0,71,79,82,1833,7000,3.33295,151,6.64919,1.65006,0,4504,7418104551
173.152,5.77527,42.5894,0,71,79,82,1833,7000,3.33295,151,6.64919,1.65006,0,4504,7518185644
182.102,5.49144,43.0017,0,71,79,82,1827,7000,3.33295,150,6.64731,1.65006,0,4500,7618270453
175.079,5.71172,43.0017,0,71,79,82,1827,7000,3.33295,150,6.64731,1.65006,0,4500,7718358370
178.053,5.61631,43.0017,0,71,79,82,1827,7000,3.33295,150,6.64731,1.65006,0,4500,7818439533
184.423,5.42233,43.0017,0,71,79,82,1827,7000,3.33295,150,6.64731,1.65006,0,4500,7918550819
174.856,5.71898,43.0017,0,71,79,82,1827,7000,3.33295,150,6.64731,1.65006,0,4500,8018630099
167.417,5.97311,42.517,0,71,79,82,1809,7000,3.33295,145,6.64731,1.65006,0,4500,8118710752
192.349,5.19888,42.517,0,71,79,82,1809,7000,3.33295,145,6.64731,1.65006,0,4500,8218747304
189.697,5.27155,42.517,0,71,79,82,1809,7000,3.33295,145,6.64731,1.65006,0,4500,8318838853
187.038,5.34651,42.517,0,71,79,82,1809,7000,3.33295,145,6.64731,1.65006,0,4500,8418930786
192.817,5.18626,42.517,0,71,79,82,1809,7000,3.33295,145,6.64731,1.65006,0,4500,8519010199
183.929,5.43689,43.3673,0,71,79,82,1831,7000,3.33295,151,6.64622,1.65006,0,4503,8619093219
182.602,5.4764,43.3673,0,71,79,82,1831,7000,3.33295,151,6.64622,1.65006,0,4503,8719172694
182.166,5.48949,43.3673,0,71,79,82,1831,7000,3.33295,151,6.64622,1.65006,0,4503,8819252910
192.374,5.19821,43.3673,0,71,79,82,1831,7000,3.33295,151,6.64622,1.65006,0,4503,8919335906
183.426,5.4518,43.3673,0,71,79,82,1831,7000,3.33295,151,6.64622,1.65006,0,4503,9019436691
180.093,5.55267,43.8144,0,71,77,82,1831,7000,3.33295,151,6.6456,1.65006,0,4501,9119515706
181.382,5.51322,43.8144,0,71,77,82,1831,7000,3.33295,151,6.6456,1.65006,0,4501,9219564809
193.004,5.18125,43.8144,0,71,77,82,1831,7000,3.33295,151,6.6456,1.65006,0,4501,9319646321
188.586,5.30262,43.8144,0,71,77,82,1831,7000,3.33295,151,6.6456,1.65006,0,4501,9419734314
187.11,5.34445,43.8144,0,71,77,82,1831,7000,3.33295,151,6.6456,1.65006,0,4501,9519813281
183.966,5.43579,44.2177,0,72,77,82,1818,7000,3.33295,150,6.64294,1.65006,0,4503,9619892897
191.212,5.22979,44.2177,0,72,77,82,1818,7000,3.33295,150,6.64294,1.65006,0,4503,9719986465
189.326,5.28189,44.2177,0,72,77,82,1818,7000,3.33295,150,6.64294,1.65006,0,4503,9820085829
201.434,4.96441,44.2177,0,72,77,82,1818,7000,3.33295,150,6.64294,1.65006,0,4503,9920168785
170.358,5.87,44.2177,0,72,77,82,1818,7000,3.33295,150,6.64294,1.65006,0,4503,10020256938
190.686,5.24422,44.7987,0,73,79,82,1804,7000,3.33295,149,6.64354,1.65006,0,4505,10120337179
197.532,5.06247,44.7987,0,73,79,82,1804,7000,3.33295,149,6.64354,1.65006,0,4505,10220419919
188.885,5.29423,44.7987,0,73,79,82,1804,7000,3.33295,149,6.64354,1.65006,0,4505,10320502956
197.177,5.07158,44.7987,0,73,79,82,1804,7000,3.33295,149,6.64354,1.65006,0,4505,10420583183
193.637,5.1643,44.7987,0,73,79,82,1804,7000,3.33295,149,6.64354,1.65006,0,4505,10520641684
185.422,5.3931,44.0135,0,73,79,82,1804,7000,3.33295,149,6.64207,1.65006,0,4505,10620718594
192.865,5.18498,44.0135,0,73,79,82,1804,7000,3.33295,149,6.64207,1.65006,0,4505,10720796451
198.207,5.04522,44.0135,0,73,79,82,1804,7000,3.33295,149,6.64207,1.65006,0,4505,10820880453
191.718,5.216,44.0135,0,73,79,82,1804,7000,3.33295,149,6.64207,1.65006,0,4505,10921020555
195.403,5.11763,44.0135,0,73,79,82,1804,7000,3.33295,149,6.64207,1.65006,0,4505,11021105686
188.113,5.31597,43.9863,0,74,78,82,1791,7000,3.33295,146,6.64244,1.65006,0,4500,11121187503
190.647,5.2453,43.9863,0,74,78,82,1791,7000,3.33295,146,6.64244,1.65006,0,4500,11221223473
191.16,5.23121,43.9863,0,74,78,82,1791,7000,3.33295,146,6.64244,1.65006,0,4500,11321308581
201.157,4.97125,43.9863,0,74,78,82,1791,7000,3.33295,146,6.64244,1.65006,0,4500,11421393414
210.793,4.744,43.9863,0,74,78,82,1791,7000,3.33295,146,6.64244,1.65006,0,4500,11521481667
197.047,5.07492,46.2963,0,75,78,83,1797,7000,3.33295,153,6.641,1.65006,0,4500,11621567649
202.389,4.94098,46.2963,0,75,78,83,1797,7000,3.33295,153,6.641,1.65006,0,4500,11721651513
211.753,4.72248,46.2963,0,75,78,83,1797,7000,3.33295,153,6.641,1.65006,0,4500,11821733698
196.707,5.08371,46.2963,0,75,78,83,1797,7000,3.33295,153,6.641,1.65006,0,4500,11921826221
171.729,5.82312,46.2963,0,75,78,83,1797,7000,3.33295,153,6.641,1.65006,0,4500,12021910899
192.711,5.18911,45.8054,0,77,78,82,1770,7000,3.33295,149,6.64188,1.65006,0,4508,12121992952
192.222,5.2023,45.8054,0,77,78,82,1770,7000,3.33295,149,6.64188,1.65006,0,4508,12222080549
208.348,4.79967,45.8054,0,77,78,82,1770,7000,3.33295,149,6.64188,1.65006,0,4508,12322159766
194.588,5.13907,45.8054,0,77,78,82,1770,7000,3.33295,149,6.64188,1.65006,0,4508,12422244208
202.077,4.94862,45.8054,0,77,78,82,1770,7000,3.33295,149,6.64188,1.65006,0,4508,12522336396
208.842,4.78831,45.6229,0,77,78,82,1770,7000,3.33295,149,6.64118,1.65005,0,4507,12622428965
203.221,4.92074,45.6229,0,77,78,82,1770,7000,3.33295,149,6.64118,1.65005,0,4507,12722510964
199.295,5.0177,45.6229,0,77,78,82,1770,7000,3.33295,149,6.64118,1.65005,0,4507,12822594033
201.651,4.95906,45.6229,0,77,78,82,1770,7000,3.33295,149,6.64118,1.65005,0,4507,12922685273
198.014,5.05014,45.6229,0,77,78,82,1770,7000,3.33295,149,6.64118,1.65005,0,4507,13022777471
206.214,4.84933,45.068,0,81,78,82,1766,7000,3.33295,148,6.64116,1.65005,0,4503,13122863610
202.277,4.94372,45.068,0,81,78,82,1766,7000,3.33295,148,6.64116,1.65005,0,4503,13222945223
190.968,5.23649,45.068,0,81,78,82,1766,7000,3.33295,148,6.64116,1.65005,0,4503,13323037369
191.716,5.21605,45.068,0,81,78,82,1766,7000,3.33295,148,6.64116,1.65005,0,4503,13423133906
202.398,4.94076,45.068,0,81,78,82,1766,7000,3.33295,148,6.64116,1.65005,0,4503,13523222377
199.875,5.00313,45.2862,0,81,78,83,1790,7000,3.33295,152,6.64103,1.65005,0,4500,13623312676
201.998,4.95053,45.2862,0,81,78,83,1790,7000,3.33295,152,6.64103,1.65005,0,4500,13723395346
195.007,5.12803,45.2862,0,81,78,83,1790,7000,3.33295,152,6.64103,1.65005,0,4500,13823484586
200.167,4.99582,45.2862,0,81,78,83,1790,7000,3.33295,152,6.64103,1.65005,0,4500,13923569129
197.243,5.06988,45.2862,0,81,78,83,1790,7000,3.33295,152,6.64103,1.65005,0,4500,14023620189
196.914,5.07837,45.5009,0,81,78,83,1784,7000,3.33295,152,6.64112,1.65005,0,4513,14123708534
194.86,5.1319,45.5009,0,81,78,83,1784,7000,3.33295,152,6.64112,1.65005,0,4513,14223789175
197.445,5.0647,45.5009,0,81,78,83,1784,7000,3.33295,152,6.64112,1.65005,0,4513,14323870753
207.804,4.81222,45.5009,0,81,78,83,1784,7000,3.33295,152,6.64112,1.65005,0,4513,14423958124
193.896,5.15739,45.5009,0,81,78,83,1784,7000,3.33295,152,6.64112,1.65005,0,4513,14524039603
197.922,5.05251,44.1781,0,81,78,83,1784,7000,3.33295,152,6.64111,1.65005,0,4505,14624121968
219.161,4.56285,44.1781,0,81,78,83,1784,7000,3.33295,152,6.64111,1.65005,0,4505,14724204539
204.219,4.89671,44.1781,0,81,78,83,1784,7000,3.33295,152,6.64111,1.65005,0,4505,14824283627
199.339,5.01657,44.1781,0,81,78,83,1784,7000,3.33295,152,6.64111,1.65005,0,4505,14924366238
191.215,5.22971,44.1781,0,81,78,83,1784,7000,3.33295,152,6.64111,1.65005,0,4505,15024466127
207.569,4.81768,44.4634,0,81,77,83,1774,7000,3.33295,150,6.64002,1.65005,0,4500,15124553737
224.709,4.4502,44.4634,0,81,77,83,1774,7000,3.33295,150,6.64002,1.65005,0,4500,15224629791
211.442,4.72943,44.4634,0,81,77,83,1774,7000,3.33295,150,6.64002,1.65005,0,4500,15324709495
202.265,4.94401,44.4634,0,81,77,83,1774,7000,3.33295,150,6.64002,1.65005,0,4500,15424746964
223.599,4.4723,44.4634,0,81,77,83,1774,7000,3.33295,150,6.64002,1.65005,0,4500,15524827485
214.02,4.67246,44.062,0,82,77,83,1788,7000,3.33289,152,6.64037,1.65005,0,4500,15624907693
223.597,4.47232,44.062,0,82,77,83,1788,7000,3.33289,152,6.64037,1.65005,0,4500,15724986552
211.204,4.73475,44.062,0,82,77,83,1788,7000,3.33289,152,6.64037,1.65005,0,4500,15825070910
215.953,4.63064,44.062,0,82,77,83,1788,7000,3.33289,152,6.64037,1.65005,0,4500,15925150477
216.595,4.61692,44.062,0,82,77,83,1788,7000,3.33289,152,6.64037,1.65005,0,4500,16025199972
219.184,4.56237,44.9915,0,82,78,83,1775,7000,3.33282,154,6.64037,1.65005,0,4501,16125282565
206.553,4.84137,44.9915,0,82,78,83,1775,7000,3.33282,154,6.64037,1.65005,0,4501,16225362000
210.216,4.75701,44.9915,0,82,78,83,1775,7000,3.33282,154,6.64037,1.65005,0,4501,16325441872
213.447,4.68499,44.9915,0,82,78,83,1775,7000,3.33282,154,6.64037,1.65005,0,4501,16425523842
207.197,4.82633,44.9915,0,82,78,83,1775,7000,3.33282,154,6.64037,1.65005,0,4501,16525604701
208.607,4.79369,45.1939,0,83,78,83,1752,7000,3.33282,151,6.63992,1.65005,0,4500,16625647106
201.785,4.95576,45.1939,0,83,78,83,1752,7000,3.33282,151,6.63992,1.65005,0,4500,16725731500
203.617,4.91119,45.1939,0,83,78,83,1752,7000,3.33282,151,6.63992,1.65005,0,4500,16825811478
205.195,4.87343,45.1939,0,83,78,83,1752,7000,3.33282,151,6.63992,1.65005,0,4500,16925892664
203.05,4.9249,45.1939,0,83,78,83,1752,7000,3.33282,151,6.63992,1.65005,0,4500,17025985861
201.955,4.9516,44.3686,0,83,78,83,1752,7000,3.33282,151,6.6398,1.65005,0,4508,17126073130
196.947,5.07752,44.3686,0,83,78,83,1752,7000,3.33282,151,6.6398,1.65005,0,4508,17226155674
202.815,4.9306,44.3686,0,83,78,83,1752,7000,3.33282,151,6.6398,1.65005,0,4508,17326235615
202.242,4.94458,44.3686,0,83,78,83,1752,7000,3.33282,151,6.6398,1.65005,0,4508,17426315685
206.773,4.83623,44.3686,0,83,78,83,1752,7000,3.33282,151,6.6398,1.65005,0,4508,17526399356
216.336,4.62245,44.4062,0,84,78,83,1767,7000,3.33282,153,6.64004,1.65005,0,4500,17626484870
203.361,4.91737,44.4062,0,84,78,83,1767,7000,3.33282,153,6.64004,1.65005,0,4500,17726569141
204.294,4.89491,44.4062,0,84,78,83,1767,7000,3.33282,153,6.64004,1.65005,0,4500,17826657264
214.224,4.66802,44.4062,0,84,78,83,1767,7000,3.33282,153,6.64004,1.65005,0,4500,17926750092
220.918,4.52656,44.4062,0,84,78,83,1767,7000,3.33282,153,6.64004,1.65005,0,4500,18026829272
212.886,4.69734,45.7912,0,85,79,83,1774,7000,3.33282,153,6.66887,1.65005,0,4507,18126924858
208.236,4.80225,45.7912,0,85,79,83,1774,7000,3.33282,153,6.66887,1.65005,0,4507,18227009054
210.146,4.7586,45.7912,0,85,79,83,1774,7000,3.33282,153,6.66887,1.65005,0,4507,18327096038
177.869,5.62213,45.7912,0,85,79,83,1774,7000,3.33282,153,6.66887,1.65005,0,4507,18427179297
213.288,4.6885,45.7912,0,85,79,83,1774,7000,3.33282,153,6.66887,1.65005,0,4507,18527262117
216.536,4.61818,44.6735,0,85,79,83,1762,7000,3.33282,153,6.66894,1.65005,0,4508,18627354640
203.053,4.92482,44.6735,0,85,79,83,1762,7000,3.33282,153,6.66894,1.65005,0,4508,18727444686
208.145,4.80435,44.6735,0,85,79,83,1762,7000,3.33282,153,6.66894,1.65005,0,4508,18827535645
210.674,4.74667,44.6735,0,85,79,83,1762,7000,3.33282,153,6.66894,1.65005,0,4508,18927616293
215.022,4.65068,44.6735,0,85,79,83,1762,7000,3.33282,153,6.66894,1.65005,0,4508,19027669089
208.705,4.79145,45.2542,0,85,79,83,1762,7000,3.33282,153,6.66894,1.65005,0,4500,19127752148
217.266,4.60266,45.2542,0,85,79,83,1762,7000,3.33282,153,6.66894,1.65005,0,4500,19227832980
213.227,4.68984,45.2542,0,85,79,83,1762,7000,3.33282,153,6.66894,1.65005,0,4500,19327913818
212.821,4.69878,45.2542,0,85,79,83,1762,7000,3.33282,153,6.66894,1.65005,0,4500,19427996242
221.253,4.51972,45.2542,0,85,79,83,1762,7000,3.33282,153,6.66894,1.65005,0,4500,19528078151
211.811,4.7212,45.2542,0,85,79,83,1762,7000,3.33282,153,6.66894,1.65005,0,4500,19628158615
203.92,4.90387,45.2542,0,85,79,83,1741,7000,3.33282,153,6.6687,1.65005,0,4501,19728238734
178.263,5.60968,45.2542,0,85,79,83,1741,7000,3.33282,153,6.6687,1.65005,0,4501,19828319531
224.308,4.45816,45.2542,0,85,79,83,1741,7000,3.33282,153,6.6687,1.65005,0,4501,19928401449
209.937,4.76334,45.2542,0,85,79,83,1741,7000,3.33282,153,6.6687,1.65005,0,4501,20028482675
201.373,4.96591,45.2542,0,85,79,83,1741,7000,3.33282,153,6.6687,1.65005,0,4501,20128567856
204.467,4.89076,45.1613,0,89,79,83,1731,7000,3.33282,149,6.66905,1.65005,0,4500,20228599617
215.469,4.64105,45.1613,0,89,79,83,1731,7000,3.33282,149,6.66905,1.65005,0,4500,20328684526
219.054,4.56508,45.1613,0,89,79,83,1731,7000,3.33282,149,6.66905,1.65005,0,4500,20428773668
221.15,4.52181,45.1613,0,89,79,83,1731,7000,3.33282,149,6.66905,1.65005,0,4500,20528859067
218.248,4.58194,45.1613,0,89,79,83,1731,7000,3.33282,149,6.66905,1.65005,0,4500,20628941111
211.848,4.72037,44.8567,0,90,79,82,1722,7000,3.33282,146,6.66896,1.65005,0,4500,20729034031
214.964,4.65194,44.8567,0,90,79,82,1722,7000,3.33282,146,6.66896,1.65005,0,4500,20829122939
212.646,4.70266,44.8567,0,90,79,82,1722,7000,3.33282,146,6.66896,1.65005,0,4500,20929206333
209.475,4.77383,44.8567,0,90,79,82,1722,7000,3.33282,146,6.66896,1.65005,0,4500,21029292348
209.879,4.76465,44.8567,0,90,79,82,1722,7000,3.33282,146,6.66896,1.65005,0,4500,21129371420
206.313,4.84701,44.9915,0,90,79,82,1722,7000,3.33282,146,6.6692,1.65005,0,4502,21229456198
198.33,5.04209,44.9915,0,90,79,82,1722,7000,3.33282,146,6.6692,1.65005,0,4502,21329518701
197.33,5.06765,44.9915,0,90,79,82,1722,7000,3.33282,146,6.6692,1.65005,0,4502,21429606327
210.133,4.75889,44.9915,0,90,79,82,1722,7000,3.33282,146,6.6692,1.65005,0,4502,21529694457
192.98,5.18187,44.9915,0,90,79,82,1722,7000,3.33282,146,6.6692,1.65005,0,4502,21629777717
205.2,4.8733,44.688,0,91,79,83,1748,7000,3.33282,155,6.66871,1.65005,0,4500,21729860055
209.505,4.77316,44.688,0,91,79,83,1748,7000,3.33282,155,6.66871,1.65005,0,4500,21829952076
204.087,4.89988,44.688,0,91,79,83,1748,7000,3.33282,155,6.66871,1.65005,0,4500,21930033257
180.495,5.54032,44.688,0,91,79,83,1748,7000,3.33282,155,6.66871,1.65005,0,4500,22030115717
201.751,4.95661,44.688,0,91,79,83,1748,7000,3.33282,155,6.66871,1.65005,0,4500,22130200228
208.134,4.80459,44.8805,0,91,78,83,1746,7000,3.33282,155,6.66869,1.65004,0,4504,22230283142
208.08,4.80585,44.8805,0,91,78,83,1746,7000,3.33282,155,6.66869,1.65004,0,4504,22330369971
210.257,4.75608,44.8805,0,91,78,83,1746,7000,3.33282,155,6.66869,1.65004,0,4504,22430460772
212.656,4.70243,44.8805,0,91,78,83,1746,7000,3.33282,155,6.66869,1.65004,0,4504,22530541350
216.312,4.62295,44.8805,0,91,78,83,1746,7000,3.33282,155,6.66869,1.65004,0,4504,22630630348
203.779,4.90727,44.1379,0,90,78,83,1698,7000,3.33282,147,6.66869,1.65004,0,4509,22730709871
211.435,4.72959,44.1379,0,90,78,83,1698,7000,3.33282,147,6.66869,1.65004,0,4509,22830802466
214.828,4.65488,44.1379,0,90,78,83,1698,7000,3.33282,147,6.66869,1.65004,0,4509,22930888364
242.949,4.11609,44.1379,0,90,78,83,1698,7000,3.33282,147,6.66869,1.65004,0,4509,23030968134
250.255,3.99592,44.1379,0,90,78,83,1698,7000,3.33282,147,6.66869,1.65004,0,4509,23131054107
230.297,4.34222,46.2457,0,90,78,83,1698,7000,3.33282,147,6.66869,1.65004,0,4500,23231135419
243.001,4.11521,46.2457,0,90,78,83,1698,7000,3.33282,147,6.66869,1.65004,0,4500,23331246281
246.323,4.05971,46.2457,0,90,78,83,1698,7000,3.33282,147,6.66869,1.65004,0,4500,23431316406
161.765,6.1818,46.2457,0,90,78,83,1698,7000,3.33282,147,6.66869,1.65004,0,4500,23531403585
236.787,4.22321,46.2457,0,90,78,83,1698,7000,3.33282,147,6.66869,1.65004,0,4500,23631436755
246.753,4.05263,45.5479,0,90,78,83,1708,7000,3.33282,151,6.66966,1.65004,0,4500,23731526979
220.247,4.54035,45.5479,0,90,78,83,1708,7000,3.33282,151,6.66966,1.65004,0,4500,23831612548
240.019,4.16633,45.5479,0,90,78,83,1708,7000,3.33282,151,6.66966,1.65004,0,4500,23931691661
225.835,4.42801,45.5479,0,90,78,83,1708,7000,3.33282,151,6.66966,1.65004,0,4500,24031721089
260.459,3.83937,45.5479,0,90,78,83,1708,7000,3.33282,151,6.66966,1.65004,0,4500,24131798827
217.99,4.58736,48.2293,0,92,79,83,1713,7000,3.33293,153,6.6699,1.65004,0,4500,24231890636
257.999,3.87599,48.2293,0,92,79,83,1713,7000,3.33293,153,6.6699,1.65004,0,4500,24331984425
256.393,3.90026,48.2293,0,92,79,83,1713,7000,3.33293,153,6.6699,1.65004,0,4500,24432076181
250.591,3.99057,48.2293,0,92,79,83,1713,7000,3.33293,153,6.6699,1.65004,0,4500,24532159806
238.537,4.19221,48.2293,0,92,79,83,1713,7000,3.33293,153,6.6699,1.65004,0,4500,24632246672
240.315,4.1612,47.8632,0,94,79,83,1650,7000,3.33295,146,6.67014,1.65004,0,4500,24732340204
250.128,3.99796,47.8632,0,94,79,83,1650,7000,3.33295,146,6.67014,1.65004,0,4500,24832424618
243.729,4.10293,47.8632,0,94,79,83,1650,7000,3.33295,146,6.67014,1.65004,0,4500,24932504833
254.477,3.92963,47.8632,0,94,79,83,1650,7000,3.33295,146,6.67014,1.65004,0,4500,25032585992
233.035,4.2912,47.8632,0,94,79,83,1650,7000,3.33295,146,6.67014,1.65004,0,4500,25132667380
247.121,4.0466,47.6027,0,94,79,83,1650,7000,3.33295,146,6.67051,1.65004,0,4500,25232737641
231.141,4.32637,47.6027,0,94,79,83,1650,7000,3.33295,146,6.67051,1.65004,0,4500,25332824726
244.692,4.08676,47.6027,0,94,79,83,1650,7000,3.33295,146,6.67051,1.65004,0,4500,25432919211
257.844,3.87832,47.6027,0,94,79,83,1650,7000,3.33295,146,6.67051,1.65004,0,4500,25533016833
240.227,4.16273,47.6027,0,94,79,83,1650,7000,3.33295,146,6.67051,1.65004,0,4500,25633104846
230.719,4.33428,47.323,0,97,79,82,1650,7000,3.33295,146,6.67038,1.65004,0,4500,25733193548
245.375,4.0754,47.323,0,97,79,82,1650,7000,3.33295,146,6.67038,1.65004,0,4500,25833276248
228.443,4.37745,47.323,0,97,79,82,1650,7000,3.33295,146,6.67038,1.65004,0,4500,25933354853
229.037,4.36611,47.323,0,97,79,82,1650,7000,3.33295,146,6.67038,1.65004,0,4500,26033444540
229.013,4.36657,47.323,0,97,79,82,1650,7000,3.33295,146,6.67038,1.65004,0,4500,26133529533
250.999,3.98409,49.4983,0,99,79,82,1650,7000,3.33295,145,6.67014,1.65004,0,4500,26233608221
220.843,4.52809,49.4983,0,99,79,82,1650,7000,3.33295,145,6.67014,1.65004,0,4500,26333688482
244.873,4.08375,49.4983,0,99,79,82,1650,7000,3.33295,145,6.67014,1.65004,0,4500,26433751038
213.412,4.68577,49.4983,0,99,79,82,1650,7000,3.33295,145,6.67014,1.65004,0,4500,26533837701
227.155,4.40228,49.4983,0,99,79,82,1650,7000,3.33295,145,6.67014,1.65004,0,4500,26633919661
253.973,3.93743,48.8255,0,98,79,83,1721,7000,3.33295,151,6.67075,1.65004,0,4505,26733984038
244.163,4.09562,48.8255,0,98,79,83,1721,7000,3.33295,151,6.67075,1.65004,0,4505,26834069973
233.066,4.29064,48.8255,0,98,79,83,1721,7000,3.33295,151,6.67075,1.65004,0,4505,26934153006
230.448,4.33938,48.8255,0,98,79,83,1721,7000,3.33295,151,6.67075,1.65004,0,4505,27034235195
235.86,4.23981,48.8255,0,98,79,83,1721,7000,3.33295,151,6.67075,1.65004,0,4505,27134317224
233.808,4.27701,47.5214,0,98,78,83,1721,7000,3.33295,151,6.67111,1.65004,0,4500,27234395742
223.782,4.46863,47.5214,0,98,78,83,1721,7000,3.33295,151,6.67111,1.65004,0,4500,27334478657
244.609,4.08816,47.5214,0,98,78,83,1721,7000,3.33295,151,6.67111,1.65004,0,4500,27434558605
240.401,4.15971,47.5214,0,98,78,83,1721,7000,3.33295,151,6.67111,1.65004,0,4500,27534642650
237.459,4.21126,47.5214,0,98,78,83,1721,7000,3.33295,151,6.67111,1.65004,0,4500,27634734197
246.781,4.05217,46.9283,0,98,78,83,1692,7000,3.33295,151,6.67062,1.65004,0,4500,27734831604
237.276,4.2145,46.9283,0,98,78,83,1692,7000,3.33295,151,6.67062,1.65004,0,4500,27834924867
238.748,4.18851,46.9283,0,98,78,83,1692,7000,3.33295,151,6.67062,1.65004,0,4500,27935008077
250.739,3.98821,46.9283,0,98,78,83,1692,7000,3.33295,151,6.67062,1.65004,0,4500,28035087248
229.719,4.35314,46.9283,0,98,78,83,1692,7000,3.33295,151,6.67062,1.65004,0,4500,28135170103
226.612,4.41283,47.0085,0,97,79,83,1681,7000,3.33295,148,6.6705,1.65004,0,4503,28235260785
229.107,4.36477,47.0085,0,97,79,83,1681,7000,3.33295,148,6.6705,1.65004,0,4503,28335342143
248.508,4.02401,47.0085,0,97,79,83,1681,7000,3.33295,148,6.6705,1.65004,0,4503,28435422424
251.296,3.97936,47.0085,0,97,79,83,1681,7000,3.33295,148,6.6705,1.65004,0,4503,28535565651
247.001,4.04856,47.0085,0,97,79,83,1681,7000,3.33295,148,6.6705,1.65004,0,4503,28635669803
243.628,4.10462,45.9044,0,98,79,83,1659,7000,3.33295,150,6.6705,1.65004,0,4500,28735751775
248.574,4.02294,45.9044,0,98,79,83,1659,7000,3.33295,150,6.6705,1.65004,0,4500,28835835545
249.324,4.01085,45.9044,0,98,79,83,1659,7000,3.33295,150,6.6705,1.65004,0,4500,28935916141
265.028,3.77319,45.9044,0,98,79,83,1659,7000,3.33295,150,6.6705,1.65004,0,4500,29035999302
229.278,4.36151,45.9044,0,98,79,83,1659,7000,3.33295,150,6.6705,1.65004,0,4500,29136078832
224.635,4.45166,45.611,0,98,80,83,1659,7000,3.33295,150,6.67086,1.65004,0,4500,29236164775
253.896,3.93862,45.611,0,98,80,83,1659,7000,3.33295,150,6.67086,1.65004,0,4500,29336246164
262.969,3.80273,45.611,0,98,80,83,1659,7000,3.33295,150,6.67086,1.65004,0,4500,29436325740
249.413,4.00941,45.611,0,98,80,83,1659,7000,3.33295,150,6.67086,1.65004,0,4500,29536406399
233.009,4.29169,45.611,0,98,80,83,1659,7000,3.33295,150,6.67086,1.65004,0,4500,29636490120
239.732,4.17133,45.611,0,99,80,83,1650,7000,3.33295,147,6.67109,1.65004,0,4505,29736568388
242.129,4.13003,45.611,0,99,80,83,1650,7000,3.33295,147,6.67109,1.65004,0,4505,29836647748
235.673,4.24317,45.611,0,99,80,83,1650,7000,3.33295,147,6.67109,1.65004,0,4505,29936725658
240.018,4.16636,45.611,0,99,80,83,1650,7000,3.33295,147,6.67109,1.65004,0,4505,30036785205
209.666,4.7695,45.611,0,99,80,83,1650,7000,3.33295,147,6.67109,1.65004,0,4505,30136863673
231.739,4.3152,46.0616,0,99,80,82,1680,7000,3.33295,145,6.67109,1.65004,0,4501,30236946191
217.908,4.5891,46.0616,0,99,80,82,1680,7000,3.33295,145,6.67109,1.65004,0,4501,30337036069
235.621,4.2441,46.0616,0,99,80,82,1680,7000,3.33295,145,6.67109,1.65004,0,4501,30437119216
228.44,4.37753,46.0616,0,99,80,82,1680,7000,3.33295,145,6.67109,1.65004,0,4501,30537200463
234.985,4.25559,46.0616,0,99,80,82,1680,7000,3.33295,145,6.67109,1.65004,0,4501,30637281405
235.21,4.25152,46.4286,0,96,80,83,1770,7000,3.33295,155,6.67097,1.65004,0,4500,30737374656
215.164,4.64762,46.4286,0,96,80,83,1770,7000,3.33295,155,6.67097,1.65004,0,4500,30837458381
250.823,3.98687,46.4286,0,96,80,83,1770,7000,3.33295,155,6.67097,1.65004,0,4500,30937542359
227.855,4.38876,46.4286,0,96,80,83,1770,7000,3.33295,155,6.67097,1.65004,0,4500,31037636079
219.04,4.56539,46.4286,0,96,80,83,1770,7000,3.33295,155,6.67097,1.65004,0,4500,31137720346
228.835,4.36997,47.563,0,96,79,83,1770,7000,3.33295,155,6.67142,1.65004,0,4500,31237799290
223.81,4.46808,47.563,0,96,79,83,1770,7000,3.33295,155,6.67142,1.65004,0,4500,31337884844
225.762,4.42944,47.563,0,96,79,83,1770,7000,3.33295,155,6.67142,1.65004,0,4500,31437973903
248.531,4.02364,47.563,0,96,79,83,1770,7000,3.33295,155,6.67142,1.65004,0,4500,31538053251
235.266,4.25051,47.563,0,96,79,83,1770,7000,3.33295,155,6.67142,1.65004,0,4500,31638133860
227.691,4.39191,46.3248,0,94,79,83,1761,7000,3.33295,155,6.67142,1.65004,0,4500,31738216986
213.138,4.6918,46.3248,0,94,79,83,1761,7000,3.33295,155,6.67142,1.65004,0,4500,31838297668
211.521,4.72766,46.3248,0,94,79,83,1761,7000,3.33295,155,6.67142,1.65004,0,4500,31938384738
221.332,4.5181,46.3248,0,94,79,83,1761,7000,3.33295,155,6.67142,1.65004,0,4500,32038470447
218.021,4.58672,46.3248,0,94,79,83,1761,7000,3.33295,155,6.67142,1.65004,0,4500,32138521644
221.037,4.52412,47.5382,0,88,79,83,1699,7000,3.33295,148,6.67191,1.65004,0,4500,32238605604
233.211,4.28796,47.5382,0,88,79,83,1699,7000,3.33295,148,6.67191,1.65004,0,4500,32338644324
227.619,4.3933,47.5382,0,88,79,83,1699,7000,3.33295,148,6.67191,1.65004,0,4500,32438742681
231.519,4.3193,47.5382,0,88,79,83,1699,7000,3.33295,148,6.67191,1.65004,0,4500,32538811647
245.936,4.0661,47.5382,0,88,79,83,1699,7000,3.33295,148,6.67191,1.65004,0,4500,32638891053
230.54,4.33764,46.7577,0,89,79,83,1728,7000,3.33295,153,6.67167,1.65004,0,4500,32738972630
243.473,4.10724,46.7577,0,89,79,83,1728,7000,3.33295,153,6.67167,1.65004,0,4500,32839052337
232.127,4.308,46.7577,0,89,79,83,1728,7000,3.33295,153,6.67167,1.65004,0,4500,32939136762
237.66,4.2077,46.7577,0,89,79,83,1728,7000,3.33295,153,6.67167,1.65004,0,4500,33039216422
245.361,4.07563,46.7577,0,89,79,83,1728,7000,3.33295,153,6.67167,1.65004,0,4500,33139296942
240.181,4.16354,47.1795,0,89,80,83,1728,7000,3.33295,153,6.67142,1.65004,0,4500,33239375994
238.764,4.18824,47.1795,0,89,80,83,1728,7000,3.33295,153,6.67142,1.65004,0,4500,33339428510
238.393,4.19476,47.1795,0,89,80,83,1728,7000,3.33295,153,6.67142,1.65004,0,4500,33439522857
211.52,4.72768,47.1795,0,89,80,83,1728,7000,3.33295,153,6.67142,1.65004,0,4500,33539606134
225.066,4.44314,47.1795,0,89,80,83,1728,7000,3.33295,153,6.67142,1.65004,0,4500,33639682322
243.515,4.10652,47.1891,0,91,80,83,1740,7000,3.33295,150,6.67094,1.65004,0,4500,33739761148
244.319,4.093,47.1891,0,91,80,83,1740,7000,3.33295,150,6.67094,1.65004,0,4500,33839825623
238.741,4.18864,47.1891,0,91,80,83,1740,7000,3.33295,150,6.67094,1.65004,0,4500,33939909696
232.127,4.30799,47.1891,0,91,80,83,1740,7000,3.33295,150,6.67094,1.65004,0,4500,34039993224
233.2,4.28817,47.1891,0,91,80,83,1740,7000,3.33295,150,6.67094,1.65004,0,4500,34140076603
237.395,4.21239,45.4231,0,90,79,83,1754,7000,3.33295,147,6.67094,1.65004,0,4500,34240154169
233.759,4.2779,45.4231,0,90,79,83,1754,7000,3.33295,147,6.67094,1.65004,0,4500,34340209507
227.781,4.39019,45.4231,0,90,79,83,1754,7000,3.33295,147,6.67094,1.65004,0,4500,34440300638
235.27,4.25043,45.4231,0,90,79,83,1754,7000,3.33295,147,6.67094,1.65004,0,4500,34540395618
230.82,4.33238,45.4231,0,90,79,83,1754,7000,3.33295,147,6.67094,1.65004,0,4500,34640474267
244.57,4.0888,46.8803,0,87,79,83,1767,7000,3.33295,149,6.67094,1.65004,0,4500,34740554229
244.386,4.09188,46.8803,0,87,79,83,1767,7000,3.33295,149,6.67094,1.65004,0,4500,34840636999
243.266,4.11073,46.8803,0,87,79,83,1767,7000,3.33295,149,6.67094,1.65004,0,4500,34940717152
240.467,4.15857,46.8803,0,87,79,83,1767,7000,3.33295,149,6.67094,1.65004,0,4500,35040800502
246.295,4.06017,46.8803,0,87,79,83,1767,7000,3.33295,149,6.67094,1.65004,0,4500,35140840160
238.016,4.2014,47.3684,0,87,79,83,1767,7000,3.33295,149,6.6707,1.65004,0,4500,35240920311
244.688,4.08684,47.3684,0,87,79,83,1767,7000,3.33295,149,6.6707,1.65004,0,4500,35341003596
245.439,4.07433,47.3684,0,87,79,83,1767,7000,3.33295,149,6.6707,1.65004,0,4500,35441085351
236.169,4.23425,47.3684,0,87,79,83,1767,7000,3.33295,149,6.6707,1.65004,0,4500,35541175630
240.744,4.1538,47.3684,0,87,79,83,1767,7000,3.33295,149,6.6707,1.65004,0,4500,35641262359
240.97,4.1499,46.4407,0,84,79,83,1736,7000,3.33295,151,6.67046,1.65004,0,4507,35741345790
255.214,3.91828,46.4407,0,84,79,83,1736,7000,3.33295,151,6.67046,1.65004,0,4507,35841432422
240.802,4.15279,46.4407,0,84,79,83,1736,7000,3.33295,151,6.67046,1.65004,0,4507,35941528400
247.157,4.04601,46.4407,0,84,79,83,1736,7000,3.33295,151,6.67046,1.65004,0,4507,36041614599
243.937,4.09942,46.4407,0,84,79,83,1736,7000,3.33295,151,6.67046,1.65004,0,4507,36141701419
246.543,4.05609,47.9062,0,86,79,83,1744,7000,3.33295,153,6.6707,1.65004,0,4500,36241782499
249.239,4.01222,47.9062,0,86,79,83,1744,7000,3.33295,153,6.6707,1.65004,0,4500,36341856621
251.062,3.98308,47.9062,0,86,79,83,1744,7000,3.33295,153,6.6707,1.65004,0,4500,36441947760
228.177,4.38257,47.9062,0,86,79,83,1744,7000,3.33295,153,6.6707,1.65004,0,4500,36542038130
258.905,3.86243,47.9062,0,86,79,83,1744,7000,3.33295,153,6.6707,1.65004,0,4500,36642120072
242.454,4.12449,46.7466,0,88,79,83,1729,7000,3.33295,151,6.6707,1.65004,0,4500,36742200435
231.28,4.32376,46.7466,0,88,79,83,1729,7000,3.33295,151,6.6707,1.65004,0,4500,36842280483
236.358,4.23088,46.7466,0,88,79,83,1729,7000,3.33295,151,6.6707,1.65004,0,4500,36942358940
244.269,4.09385,46.7466,0,88,79,83,1729,7000,3.33295,151,6.6707,1.65004,0,4500,37042443419
238.543,4.19211,46.7466,0,88,79,83,1729,7000,3.33295,151,6.6707,1.65004,0,4500,37142536745
230.35,4.34121,46.1806,0,88,79,83,1729,7000,3.33295,151,6.6707,1.65004,0,4500,37242621904
251.854,3.97055,46.1806,0,88,79,83,1729,7000,3.33295,151,6.6707,1.65004,0,4500,37342704737
264.634,3.77881,46.1806,0,88,79,83,1729,7000,3.33295,151,6.6707,1.65004,0,4500,37442813697
242.478,4.12408,46.1806,0,88,79,83,1729,7000,3.33295,151,6.6707,1.65004,0,4500,37542866750
206.92,4.83278,46.1806,0,88,79,83,1729,7000,3.33295,151,6.6707,1.65004,0,4500,37642937843
237.805,4.20513,46.4286,0,90,79,83,1712,7000,3.33295,149,6.67093,1.65004,0,4500,37743025497
238.501,4.19286,46.4286,0,90,79,83,1712,7000,3.33295,149,6.67093,1.65004,0,4500,37843120242
241.967,4.13279,46.4286,0,90,79,83,1712,7000,3.33295,149,6.67093,1.65004,0,4500,37943204976
223.908,4.46611,46.4286,0,90,79,83,1712,7000,3.33295,149,6.67093,1.65004,0,4500,38043284747
235.543,4.24551,46.4286,0,90,79,83,1712,7000,3.33295,149,6.67093,1.65004,0,4500,38143363409
250.813,3.98703,46.7577,0,91,79,83,1740,7000,3.33295,152,6.67093,1.65004,0,4500,38243443713
221.086,4.52313,46.7577,0,91,79,83,1740,7000,3.33295,152,6.67093,1.65004,0,4500,38343524605
232.417,4.30262,46.7577,0,91,79,83,1740,7000,3.33295,152,6.67093,1.65004,0,4500,38443618941
221.769,4.5092,46.7577,0,91,79,83,1740,7000,3.33295,152,6.67093,1.65004,0,4500,38543699934
235.007,4.25519,46.7577,0,91,79,83,1740,7000,3.33295,152,6.67093,1.65004,0,4500,38643785987
253.821,3.93979,46.0069,0,91,79,83,1665,7000,3.33295,143,6.67093,1.65004,0,4500,38743870271
249.048,4.01529,46.0069,0,91,79,83,1665,7000,3.33295,143,6.67093,1.65004,0,4500,38843945439
231.369,4.3221,46.0069,0,91,79,83,1665,7000,3.33295,143,6.67093,1.65004,0,4500,38944031888
255.48,3.91421,46.0069,0,91,79,83,1665,7000,3.33295,143,6.67093,1.65004,0,4500,39044112728
256.333,3.90117,46.0069,0,91,79,83,1665,7000,3.33295,143,6.67093,1.65004,0,4500,39144192376
236.78,4.22332,46.1005,0,91,78,83,1665,7000,3.33295,143,6.67093,1.65004,0,4501,39244271750
250.554,3.99116,46.1005,0,91,78,83,1665,7000,3.33295,143,6.67093,1.65004,0,4501,39344352144
241.967,4.13279,46.1005,0,91,78,83,1665,7000,3.33295,143,6.67093,1.65004,0,4501,39444431137
247.93,4.03339,46.1005,0,91,78,83,1665,7000,3.33295,143,6.67093,1.65004,0,4501,39544510710
257.082,3.8898,46.1005,0,91,78,83,1665,7000,3.33295,143,6.67093,1.65004,0,4501,39644591683
252.892,3.95425,46.5195,0,91,78,83,1650,7000,3.33295,143,6.67093,1.65004,0,4501,39744672273
254.009,3.93688,46.5195,0,91,78,83,1650,7000,3.33295,143,6.67093,1.65004,0,4501,39844757126
251.351,3.97849,46.5195,0,91,78,83,1650,7000,3.33295,143,6.67093,1.65004,0,4501,39944848157
235.819,4.24054,46.5195,0,91,78,83,1650,7000,3.33295,143,6.67093,1.65004,0,4501,40044898823
250.163,3.99739,46.5195,0,91,78,83,1650,7000,3.33295,143,6.67093,1.65004,0,4501,40144981446
193.264,5.17428,46.8803,0,97,78,83,1650,7000,3.33295,145,6.67093,1.65004,0,4500,40245082029
253.697,3.94172,46.8803,0,97,78,83,1650,7000,3.33295,145,6.67093,1.65004,0,4500,40345166811
233.043,4.29106,46.8803,0,97,78,83,1650,7000,3.33295,145,6.67093,1.65004,0,4500,40445246929
196.364,5.09259,46.8803,0,97,78,83,1650,7000,3.33295,145,6.67093,1.65004,0,4500,40545330490
249.244,4.01214,46.8803,0,97,78,83,1650,7000,3.33295,145,6.67093,1.65004,0,4500,40645414174
256.35,3.90091,45.2101,0,98,78,83,1650,7000,3.33295,147,6.67141,1.65004,0,4500,40745501353
231.701,4.31592,45.2101,0,98,78,83,1650,7000,3.33295,147,6.67141,1.65004,0,4500,40845583023
239.03,4.18357,45.2101,0,98,78,83,1650,7000,3.33295,147,6.67141,1.65004,0,4500,40945673410
241.682,4.13766,45.2101,0,98,78,83,1650,7000,3.33295,147,6.67141,1.65004,0,4500,41045754149
200.573,4.98572,45.2101,0,98,78,83,1650,7000,3.33295,147,6.67141,1.65004,0,4500,41145842797
247.474,4.04083,44.2568,0,98,80,83,1650,7000,3.33295,147,6.67159,1.65004,0,4501,41245903942
194.735,5.13518,44.2568,0,98,80,83,1650,7000,3.33295,147,6.67159,1.65004,0,4501,41345981079
246.648,4.05435,44.2568,0,98,80,83,1650,7000,3.33295,147,6.67159,1.65004,0,4501,41446061711
250.457,3.99271,44.2568,0,98,80,83,1650,7000,3.33295,147,6.67159,1.65004,0,4501,41546158375
253.838,3.93953,44.2568,0,98,80,83,1650,7000,3.33295,147,6.67159,1.65004,0,4501,41646293606
247.971,4.03273,45.6706,0,99,80,83,1650,7000,3.33295,148,6.67171,1.65004,0,4500,41746378159
260.416,3.84001,45.6706,0,99,80,83,1650,7000,3.33295,148,6.67171,1.65004,0,4500,41846467078
269.34,3.71278,45.6706,0,99,80,83,1650,7000,3.33295,148,6.67171,1.65004,0,4500,41946563894
258.416,3.86972,45.6706,0,99,80,83,1650,7000,3.33295,148,6.67171,1.65004,0,4500,42046645478
253.993,3.93712,45.6706,0,99,80,83,1650,7000,3.33295,148,6.67171,1.65004,0,4500,42146724222
259.425,3.85468,46.2069,0,99,79,83,1650,7000,3.33295,147,6.67133,1.65004,0,4502,42246807183
250.634,3.98988,46.2069,0,99,79,83,1650,7000,3.33295,147,6.67133,1.65004,0,4502,42346858001
222.08,4.50288,46.2069,0,99,79,83,1650,7000,3.33295,147,6.67133,1.65004,0,4502,42446917300
183.92,5.43714,46.2069,0,99,79,83,1650,7000,3.33295,147,6.67133,1.65004,0,4502,42547003787
241.326,4.14378,46.2069,0,99,79,83,1650,7000,3.33295,147,6.67133,1.65004,0,4502,42647085749
216.662,4.61549,46.1017,0,99,79,83,1650,7000,3.33295,147,6.6712,1.65004,0,4500,42747168361
228.886,4.36899,46.1017,0,99,79,83,1650,7000,3.33295,147,6.6712,1.65004,0,4500,42847232359
229.951,4.34874,46.1017,0,99,79,83,1650,7000,3.33295,147,6.6712,1.65004,0,4500,42947317188
230.196,4.34412,46.1017,0,99,79,83,1650,7000,3.33295,147,6.6712,1.65004,0,4500,43047408002
234.609,4.26242,46.1017,0,99,79,83,1650,7000,3.33295,147,6.6712,1.65004,0,4500,43147495445
250.153,3.99756,47.5043,0,99,79,83,1650,7000,3.33295,147,6.67133,1.65004,0,4500,43247576171
241.347,4.14341,47.5043,0,99,79,83,1650,7000,3.33295,147,6.67133,1.65004,0,4500,43347658387
238.822,4.18722,47.5043,0,99,79,83,1650,7000,3.33295,147,6.67133,1.65004,0,4500,43447745845
254.241,3.93328,47.5043,0,99,79,83,1650,7000,3.33295,147,6.67133,1.65004,0,4500,43547834517
234.552,4.26344,47.5043,0,99,79,83,1650,7000,3.33295,147,6.67133,1.65004,0,4500,43647918868
220.537,4.53438,47.6844,0,99,79,82,1692,7000,3.33295,147,6.67133,1.65004,0,4500,43748002785
246.221,4.06139,47.6844,0,99,79,82,1692,7000,3.33295,147,6.67133,1.65004,0,4500,43848089849
223.828,4.46771,47.6844,0,99,79,82,1692,7000,3.33295,147,6.67133,1.65004,0,4500,43948170178
211.336,4.73179,47.6844,0,99,79,82,1692,7000,3.33295,147,6.67133,1.65004,0,4500,44048253065
214.715,4.65734,47.6844,0,99,79,82,1692,7000,3.33295,147,6.67133,1.65004,0,4500,44148332983
226.151,4.42183,48.9002,0,98,79,83,1684,7000,3.33295,150,6.67157,1.65004,0,4500,44248417748
238.327,4.19591,48.9002,0,98,79,83,1684,7000,3.33295,150,6.67157,1.65004,0,4500,44348509508
227.198,4.40144,48.9002,0,98,79,83,1684,7000,3.33295,150,6.67157,1.65004,0,4500,44448588256
240.623,4.15588,48.9002,0,98,79,83,1684,7000,3.33295,150,6.67157,1.65004,0,4500,44548678553
234.074,4.27215,48.9002,0,98,79,83,1684,7000,3.33295,150,6.67157,1.65004,0,4500,44648714190
212.96,4.69571,48.2935,0,97,79,83,1719,7000,3.33295,154,6.67157,1.65004,0,4500,44748800198
228.309,4.38003,48.2935,0,97,79,83,1719,7000,3.33295,154,6.67157,1.65004,0,4500,44848891024
234.527,4.2639,48.2935,0,97,79,83,1719,7000,3.33295,154,6.67157,1.65004,0,4500,44948947173
217.289,4.60217,48.2935,0,97,79,83,1719,7000,3.33295,154,6.67157,1.65004,0,4500,45049028499
222.111,4.50226,48.2935,0,97,79,83,1719,7000,3.33295,154,6.67157,1.65004,0,4500,45149109798
244.552,4.08911,47.9239,0,97,79,83,1719,7000,3.33295,154,6.6718,1.65004,0,4501,45249191169
213.856,4.67605,47.9239,0,97,79,83,1719,7000,3.33295,154,6.6718,1.65004,0,4501,45349283653
245.721,4.06966,47.9239,0,97,79,83,1719,7000,3.33295,154,6.6718,1.65004,0,4501,45449336498
239.591,4.17378,47.9239,0,97,79,83,1719,7000,3.33295,154,6.6718,1.65004,0,4501,45549418313
234.653,4.2616,47.9239,0,97,79,83,1719,7000,3.33295,154,6.6718,1.65004,0,4501,45649499041
226.901,4.40721,47.774,0,96,79,83,1713,7000,3.33295,150,6.67213,1.65004,0,4503,45749581915
227.597,4.39373,47.774,0,96,79,83,1713,7000,3.33295,150,6.67213,1.65004,0,4503,45849672611
218.355,4.5797,47.774,0,96,79,83,1713,7000,3.33295,150,6.67213,1.65004,0,4503,45949770265
235.706,4.24257,47.774,0,96,79,83,1713,7000,3.33295,150,6.67213,1.65004,0,4503,46049852132
201.221,4.96965,47.774,0,96,79,83,1713,7000,3.33295,150,6.67213,1.65004,0,4503,46149932013
227.989,4.38617,47.2509,0,95,79,83,1755,7000,3.33295,153,6.6718,1.65004,0,4500,46250016291
220.523,4.53467,47.2509,0,95,79,83,1755,7000,3.33295,153,6.6718,1.65004,0,4500,46350096414
220.574,4.53362,47.2509,0,95,79,83,1755,7000,3.33295,153,6.6718,1.65004,0,4500,46450175993
223.221,4.47987,47.2509,0,95,79,83,1755,7000,3.33295,153,6.6718,1.65004,0,4500,46550264315
212.29,4.71053,47.2509,0,95,79,83,1755,7000,3.33295,153,6.6718,1.65004,0,4500,46650355102
224.219,4.45993,46.6437,0,94,79,83,1722,7000,3.33295,145,6.6718,1.65004,0,4500,46750436551
225.125,4.44197,46.6437,0,94,79,83,1722,7000,3.33295,145,6.6718,1.65004,0,4500,46850516349
219.083,4.56448,46.6437,0,94,79,83,1722,7000,3.33295,145,6.6718,1.65004,0,4500,46950596568
228.569,4.37504,46.6437,0,94,79,83,1722,7000,3.33295,145,6.6718,1.65004,0,4500,47050677744
221.338,4.51798,46.6437,0,94,79,83,1722,7000,3.33295,145,6.6718,1.65004,0,4500,47150759237
230.501,4.33838,47.1698,0,94,79,83,1722,7000,3.33295,145,6.6718,1.65004,0,4500,47250841104
224.09,4.46249,47.1698,0,94,79,83,1722,7000,3.33295,145,6.6718,1.65004,0,4500,47350924392
231.631,4.31722,47.1698,0,94,79,83,1722,7000,3.33295,145,6.6718,1.65004,0,4500,47450969303
227.843,4.38899,47.1698,0,94,79,83,1722,7000,3.33295,145,6.6718,1.65004,0,4500,47551047968
238.54,4.19218,47.1698,0,94,79,83,1722,7000,3.33295,145,6.6718,1.65004,0,4500,47651128125
247.706,4.03704,45.8763,0,92,79,82,1719,7000,3.33295,144,6.67216,1.65004,0,4500,47751209178
229.095,4.36501,45.8763,0,92,79,82,1719,7000,3.33295,144,6.67216,1.65004,0,4500,47851296217
234.977,4.25574,45.8763,0,92,79,82,1719,7000,3.33295,144,6.67216,1.65004,0,4500,47951382683
234.99,4.2555,45.8763,0,92,79,82,1719,7000,3.33295,144,6.67216,1.65004,0,4500,48051472736
238.156,4.19893,45.8763,0,92,79,82,1719,7000,3.33295,144,6.67216,1.65004,0,4500,48151554291
249.843,4.00251,46.8484,0,89,79,83,1729,7000,3.33295,153,6.67205,1.65004,0,4500,48251635976
257.325,3.88614,46.8484,0,89,79,83,1729,7000,3.33295,153,6.67205,1.65004,0,4500,48351717541
242.705,4.12023,46.8484,0,89,79,83,1729,7000,3.33295,153,6.67205,1.65004,0,4500,48451798781
243.111,4.11335,46.8484,0,89,79,83,1729,7000,3.33295,153,6.67205,1.65004,0,4500,48551970349
234.577,4.263,46.8484,0,89,79,83,1729,7000,3.33295,153,6.67205,1.65004,0,4500,48652053980
263.863,3.78985,47.2881,0,90,79,83,1716,7000,3.33295,152,6.67205,1.65004,0,4500,48752134392
227.634,4.39301,47.2881,0,90,79,83,1716,7000,3.33295,152,6.67205,1.65004,0,4500,48852221232
252.186,3.96533,47.2881,0,90,79,83,1716,7000,3.33295,152,6.67205,1.65004,0,4500,48952303754
244.938,4.08266,47.2881,0,90,79,83,1716,7000,3.33295,152,6.67205,1.65004,0,4500,49052341296
248.978,4.01642,47.2881,0,90,79,83,1716,7000,3.33295,152,6.67205,1.65004,0,4500,49152430662
255.549,3.91314,47.2881,0,90,79,83,1716,7000,3.33295,152,6.67205,1.65004,0,4500,49252520962
245.61,4.0715,47.8705,0,90,80,83,1716,7000,3.33295,152,6.67226,1.65004,0,4500,49352613074
247.429,4.04157,47.8705,0,90,80,83,1716,7000,3.33295,152,6.67226,1.65004,0,4500,49452699872
261.221,3.82817,47.8705,0,90,80,83,1716,7000,3.33295,152,6.67226,1.65004,0,4500,49552781061
259.509,3.85343,47.8705,0,90,80,83,1716,7000,3.33295,152,6.67226,1.65004,0,4500,49652861452
260.717,3.83557,47.8705,0,90,80,83,1716,7000,3.33295,152,6.67226,1.65004,0,4500,49752946476
239.838,4.16949,47.8114,0,94,80,82,1657,7000,3.33295,141,6.67262,1.65004,0,4501,49852997154
267.848,3.73346,47.8114,0,94,80,82,1657,7000,3.33295,141,6.67262,1.65004,0,4501,49953078150
255.043,3.92091,47.8114,0,94,80,82,1657,7000,3.33295,141,6.67262,1.65004,0,4501,50053158831
249.321,4.0109,47.8114,0,94,80,82,1657,7000,3.33295,141,6.67262,1.65004,0,4501,50153235631
256.803,3.89403,47.8114,0,94,80,82,1657,7000,3.33295,141,6.67262,1.65004,0,4501,50253315100
253.002,3.95254,47.7966,0,94,79,83,1726,7000,3.33295,153,6.67226,1.65004,0,4500,50353403000
239.961,4.16734,47.7966,0,94,79,83,1726,7000,3.33295,153,6.67226,1.65004,0,4500,50453483811
262.564,3.80859,47.7966,0,94,79,83,1726,7000,3.33295,153,6.67226,1.65004,0,4500,50553565737
262.837,3.80464,47.7966,0,94,79,83,1726,7000,3.33295,153,6.67226,1.65004,0,4500,50653652894
255.74,3.91022,47.7966,0,94,79,83,1726,7000,3.33295,153,6.67226,1.65004,0,4500,50753742267
251.764,3.97197,48.0541,0,95,79,83,1710,7000,3.33295,150,6.67226,1.65004,0,4500,50853823684
258.488,3.86865,48.0541,0,95,79,83,1710,7000,3.33295,150,6.67226,1.65004,0,4500,50953908876
252.795,3.95578,48.0541,0,95,79,83,1710,7000,3.33295,150,6.67226,1.65004,0,4500,51053990179
268.618,3.72276,48.0541,0,95,79,83,1710,7000,3.33295,150,6.67226,1.65004,0,4500,51154073162
248.82,4.01898,48.0541,0,95,79,83,1710,7000,3.33295,150,6.67226,1.65004,0,4500,51254157476
256.475,3.89902,47.8336,0,95,79,83,1710,7000,3.33295,150,6.6725,1.65004,0,4500,51354226630
246.719,4.0532,47.8336,0,95,79,83,1710,7000,3.33295,150,6.6725,1.65004,0,4500,51454284218
250.085,3.99864,47.8336,0,95,79,83,1710,7000,3.33295,150,6.6725,1.65004,0,4500,51554372432
261.031,3.83097,47.8336,0,95,79,83,1710,7000,3.33295,150,6.6725,1.65004,0,4500,51654452242
263.509,3.79493,47.8336,0,95,79,83,1710,7000,3.33295,150,6.6725,1.65004,0,4500,51754534268
247.339,4.04304,46.8421,0,96,79,83,1701,7000,3.33295,148,6.6725,1.65004,0,4500,51854614214
268.367,3.72624,46.8421,0,96,79,83,1701,7000,3.33295,148,6.6725,1.65004,0,4500,51954696053
247.155,4.04604,46.8421,0,96,79,83,1701,7000,3.33295,148,6.6725,1.65004,0,4500,52054787465
263.812,3.79058,46.8421,0,96,79,83,1701,7000,3.33295,148,6.6725,1.65004,0,4500,52154875762
255.311,3.9168,46.8421,0,96,79,83,1701,7000,3.33295,148,6.6725,1.65004,0,4500,52254962155
276.628,3.61496,47.3595,0,96,79,83,1687,7000,3.33295,148,6.67226,1.65004,0,4500,52355022498
252.623,3.95847,47.3595,0,96,79,83,1687,7000,3.33295,148,6.67226,1.65004,0,4500,52455109995
239.653,4.17271,47.3595,0,96,79,83,1687,7000,3.33295,148,6.67226,1.65004,0,4500,52555191094
264.358,3.78275,47.3595,0,96,79,83,1687,7000,3.33295,148,6.67226,1.65004,0,4500,52655269967
252.881,3.95443,47.3595,0,96,79,83,1687,7000,3.33295,148,6.67226,1.65004,0,4500,52755349305
245.415,4.07474,47.0085,0,96,79,83,1751,7000,3.33295,155,6.67226,1.65004,0,4500,52855439115
240.493,4.15812,47.0085,0,96,79,83,1751,7000,3.33295,155,6.67226,1.65004,0,4500,52955528142
249.102,4.01442,47.0085,0,96,79,83,1751,7000,3.33295,155,6.67226,1.65004,0,4500,53055610399
245.161,4.07895,47.0085,0,96,79,83,1751,7000,3.33295,155,6.67226,1.65004,0,4500,53155689432
243.669,4.10393,47.0085,0,96,79,83,1751,7000,3.33295,155,6.67226,1.65004,0,4500,53255766408
239.21,4.18043,47.3504,0,96,80,83,1751,7000,3.33295,155,6.67274,1.65004,0,4500,53355852405
243.273,4.11061,47.3504,0,96,80,83,1751,7000,3.33295,155,6.67274,1.65004,0,4500,53455935763
237.476,4.21095,47.3504,0,96,80,83,1751,7000,3.33295,155,6.67274,1.65004,0,4500,53556030972
250.936,3.98507,47.3504,0,96,80,83,1751,7000,3.33295,155,6.67274,1.65004,0,4500,53656112542
255.014,3.92135,47.3504,0,96,80,83,1751,7000,3.33295,155,6.67274,1.65004,0,4500,53756200291
239.834,4.16955,46.8268,0,93,80,83,1753,7000,3.33295,150,6.67274,1.65004,0,4500,53856302577
238.11,4.19973,46.8268,0,93,80,83,1753,7000,3.33295,150,6.67274,1.65004,0,4500,53956394221
241.563,4.13971,46.8268,0,93,80,83,1753,7000,3.33295,150,6.67274,1.65004,0,4500,54056476255
243.337,4.10953,46.8268,0,93,80,83,1753,7000,3.33295,150,6.67274,1.65004,0,4500,54156562534
247.858,4.03456,46.8268,0,93,80,83,1753,7000,3.33295,150,6.67274,1.65004,0,4500,54256652970
253.007,3.95247,47.7157,0,90,79,83,1722,7000,3.33295,144,6.67272,1.65004,0,4500,54356736396
253.908,3.93843,47.7157,0,90,79,83,1722,7000,3.33295,144,6.67272,1.65004,0,4500,54456817761
233.842,4.27639,47.7157,0,90,79,83,1722,7000,3.33295,144,6.67272,1.65004,0,4500,54556901332
248.222,4.02866,47.7157,0,90,79,83,1722,7000,3.33295,144,6.67272,1.65004,0,4500,54656988267
232.364,4.30359,47.7157,0,90,79,83,1722,7000,3.33295,144,6.67272,1.65004,0,4500,54757048027
231.282,4.32373,47.8041,0,89,79,83,1755,7000,3.33295,151,6.67248,1.65004,0,4500,54857133763
245.752,4.06914,47.8041,0,89,79,83,1755,7000,3.33295,151,6.67248,1.65004,0,4500,54957220964
232.721,4.297,47.8041,0,89,79,83,1755,7000,3.33295,151,6.67248,1.65004,0,4500,55057306259
229.294,4.36122,47.8041,0,89,79,83,1755,7000,3.33295,151,6.67248,1.65004,0,4500,55157389574
240.605,4.15619,47.8041,0,89,79,83,1755,7000,3.33295,151,6.67248,1.65004,0,4500,55257476478
248.35,4.02658,47.8921,0,89,79,83,1755,7000,3.33295,151,6.67296,1.65004,0,4500,55357558397
238.012,4.20146,47.8921,0,89,79,83,1755,7000,3.33295,151,6.67296,1.65004,0,4500,55457637697
233.063,4.29069,47.8921,0,89,79,83,1755,7000,3.33295,151,6.67296,1.65004,0,4500,55557720278
241.641,4.13836,47.8921,0,89,79,83,1755,7000,3.33295,151,6.67296,1.65004,0,4500,55657807239
243.748,4.10259,47.8921,0,89,79,83,1755,7000,3.33295,151,6.67296,1.65004,0,4500,55757898551
226.689,4.41134,48.0672,0,88,79,83,1755,7000,3.33295,150,6.6732,1.65004,0,4500,55857979439
237.317,4.21377,48.0672,0,88,79,83,1755,7000,3.33295,150,6.6732,1.65004,0,4500,55958060112
237.595,4.20885,48.0672,0,88,79,83,1755,7000,3.33295,150,6.6732,1.65004,0,4500,56058166383
221.882,4.50691,48.0672,0,88,79,83,1755,7000,3.33295,150,6.6732,1.65004,0,4500,56158265411
229.912,4.34948,48.0672,0,88,79,83,1755,7000,3.33295,150,6.6732,1.65004,0,4500,56258347457
215.931,4.6311,48.3278,0,88,79,83,1720,7000,3.33295,144,6.67296,1.65004,0,4504,56358428062
236.23,4.23317,48.3278,0,88,79,83,1720,7000,3.33295,144,6.67296,1.65004,0,4504,56458507128
236.661,4.22546,48.3278,0,88,79,83,1720,7000,3.33295,144,6.67296,1.65004,0,4504,56558592138
204.337,4.89387,48.3278,0,88,79,83,1720,7000,3.33295,144,6.67296,1.65004,0,4504,56658679280
216.173,4.62592,48.3278,0,88,79,83,1720,7000,3.33295,144,6.67296,1.65004,0,4504,56758760561
236.683,4.22507,47.6351,0,88,79,83,1756,7000,3.33295,152,6.6732,1.65004,0,4502,56858839273
229.688,4.35373,47.6351,0,88,79,83,1756,7000,3.33295,152,6.6732,1.65004,0,4502,56958917626
243.95,4.0992,47.6351,0,88,79,83,1756,7000,3.33295,152,6.6732,1.65004,0,4502,57058996520
245.232,4.07776,47.6351,0,88,79,83,1756,7000,3.33295,152,6.6732,1.65004,0,4502,57159072679
233.95,4.27441,47.6351,0,88,79,83,1756,7000,3.33295,152,6.6732,1.65004,0,4502,57259154047
221.58,4.51304,46.8484,0,88,79,83,1756,7000,3.33295,152,6.67296,1.65004,0,4500,57359237591
233.09,4.29019,46.8484,0,88,79,83,1756,7000,3.33295,152,6.67296,1.65004,0,4500,57459276238
244.962,4.08226,46.8484,0,88,79,83,1756,7000,3.33295,152,6.67296,1.65004,0,4500,57559367036
236.342,4.23116,46.8484,0,88,79,83,1756,7000,3.33295,152,6.67296,1.65004,0,4500,57659452255
226.925,4.40674,46.8484,0,88,79,83,1756,7000,3.33295,152,6.67296,1.65004,0,4500,57759537416
232.57,4.29977,47.0187,0,90,79,83,1766,7000,3.33295,152,6.67296,1.65004,0,4500,57859618041
229.886,4.34997,47.0187,0,90,79,83,1766,7000,3.33295,152,6.67296,1.65004,0,4500,57959703364
229.247,4.3621,47.0187,0,90,79,83,1766,7000,3.33295,152,6.67296,1.65004,0,4500,58059781911
224.676,4.45085,47.0187,0,90,79,83,1766,7000,3.33295,152,6.67296,1.65004,0,4500,58159886664
220.824,4.52849,47.0187,0,90,79,83,1766,7000,3.33295,152,6.67296,1.65004,0,4500,58259971251
239.568,4.17417,46.6437,0,87,78,83,1740,7000,3.33295,146,6.67295,1.65004,0,4501,58360056876
219.305,4.55987,46.6437,0,87,78,83,1740,7000,3.33295,146,6.67295,1.65004,0,4501,58460148440
231.084,4.32742,46.6437,0,87,78,83,1740,7000,3.33295,146,6.67295,1.65004,0,4501,58560231072
236.962,4.22009,46.6437,0,87,78,83,1740,7000,3.33295,146,6.67295,1.65004,0,4501,58660322215
238.957,4.18486,46.6437,0,87,78,83,1740,7000,3.33295,146,6.67295,1.65004,0,4501,58760403612
240.132,4.16437,46.8484,0,85,78,83,1758,7000,3.33295,145,6.67295,1.65004,0,4500,58860492290
236.21,4.23352,46.8484,0,85,78,83,1758,7000,3.33295,145,6.67295,1.65004,0,4500,58960585515
236.941,4.22046,46.8484,0,85,78,83,1758,7000,3.33295,145,6.67295,1.65004,0,4500,59060667446
246.15,4.06257,46.8484,0,85,78,83,1758,7000,3.33295,145,6.67295,1.65004,0,4500,59160746199
237.2,4.21584,46.8484,0,85,78,83,1758,7000,3.33295,145,6.67295,1.65004,0,4500,59260827365
230.994,4.32911,46.8376,0,85,79,83,1758,7000,3.33295,145,6.67295,1.65004,0,4505,59360909289
231.024,4.32856,46.8376,0,85,79,83,1758,7000,3.33295,145,6.67295,1.65004,0,4505,59460989845
236.137,4.23483,46.8376,0,85,79,83,1758,7000,3.33295,145,6.67295,1.65004,0,4505,59561072223
241.624,4.13867,46.8376,0,85,79,83,1758,7000,3.33295,145,6.67295,1.65004,0,4505,59661161957
249.621,4.00607,46.8376,0,85,79,83,1758,7000,3.33295,145,6.67295,1.65004,0,4505,59761200407
238.55,4.192,46.6102,0,84,79,83,1768,7000,3.33295,146,6.67319,1.65004,0,4500,59861280919
233.028,4.29133,46.6102,0,84,79,83,1768,7000,3.33295,146,6.67319,1.65004,0,4500,59961332761
230.434,4.33963,46.6102,0,84,79,83,1768,7000,3.33295,146,6.67319,1.65004,0,4500,60061412465
240.637,4.15563,46.6102,0,84,79,83,1768,7000,3.33295,146,6.67319,1.65004,0,4500,60161497058
231.703,4.31587,46.6102,0,84,79,83,1768,7000,3.33295,146,6.67319,1.65004,0,4500,60261569902
240.889,4.15129,47.099,0,83,79,83,1749,7000,3.33295,144,6.67332,1.65004,0,4500,60361655808
243.219,4.11152,47.099,0,83,79,83,1749,7000,3.33295,144,6.67332,1.65004,0,4500,60461736874
234.595,4.26266,47.099,0,83,79,83,1749,7000,3.33295,144,6.67332,1.65004,0,4500,60561816401
251.061,3.98309,47.099,0,83,79,83,1749,7000,3.33295,144,6.67332,1.65004,0,4500,60661898797
238.747,4.18853,47.099,0,83,79,83,1749,7000,3.33295,144,6.67332,1.65004,0,4500,60761984890
246.055,4.06413,47.2509,0,83,79,82,1727,7000,3.33295,141,6.67332,1.65004,0,4500,60862077120
241.655,4.13813,47.2509,0,83,79,82,1727,7000,3.33295,141,6.67332,1.65004,0,4500,60962141123
249.404,4.00955,47.2509,0,83,79,82,1727,7000,3.33295,141,6.67332,1.65004,0,4500,61062230715
239.717,4.17159,47.2509,0,83,79,82,1727,7000,3.33295,141,6.67332,1.65004,0,4500,61162297327
239.621,4.17325,47.2509,0,83,79,82,1727,7000,3.33295,141,6.67332,1.65004,0,4500,61262380118
256.009,3.90612,46.9671,0,83,78,82,1727,7000,3.33295,141,6.67295,1.65004,0,4500,61362461112
256.827,3.89368,46.9671,0,83,78,82,1727,7000,3.33295,141,6.67295,1.65004,0,4500,61462547698
245.562,4.0723,46.9671,0,83,78,82,1727,7000,3.33295,141,6.67295,1.65004,0,4500,61562635326
246.343,4.05938,46.9671,0,83,78,82,1727,7000,3.33295,141,6.67295,1.65004,0,4500,61662726457
251.704,3.97292,46.9671,0,83,78,82,1727,7000,3.33295,141,6.67295,1.65004,0,4500,61762814840
265.778,3.76254,47.5548,0,86,78,83,1727,7000,3.33295,149,6.67266,1.65004,0,4500,61862872713
252.558,3.95949,47.5548,0,86,78,83,1727,7000,3.33295,149,6.67266,1.65004,0,4500,61962966436
247.82,4.03519,47.5548,0,86,78,83,1727,7000,3.33295,149,6.67266,1.65004,0,4500,62063064264
246.214,4.0615,47.5548,0,86,78,83,1727,7000,3.33295,149,6.67266,1.65004,0,4500,62163126419
247.258,4.04436,47.5548,0,86,78,83,1727,7000,3.33295,149,6.67266,1.65004,0,4500,62263207723
245.407,4.07486,47.089,0,86,80,83,1757,7000,3.33295,147,6.67265,1.65004,0,4500,62363301272
235.978,4.23769,47.089,0,86,80,83,1757,7000,3.33295,147,6.67265,1.65004,0,4500,62463383506
239.423,4.17671,47.089,0,86,80,83,1757,7000,3.33295,147,6.67265,1.65004,0,4500,62563474543
241.65,4.13822,47.089,0,86,80,83,1757,7000,3.33295,147,6.67265,1.65004,0,4500,62663560710
246.691,4.05365,47.089,0,86,80,83,1757,7000,3.33295,147,6.67265,1.65004,0,4500,62763650486
242.401,4.1254,48.0672,0,87,80,83,1753,7000,3.33292,148,6.67167,1.65004,0,4500,62863730855
256.801,3.89406,48.0672,0,87,80,83,1753,7000,3.33292,148,6.67167,1.65004,0,4500,62963808032
251.255,3.98001,48.0672,0,87,80,83,1753,7000,3.33292,148,6.67167,1.65004,0,4500,63063890853
263.363,3.79704,48.0672,0,87,80,83,1753,7000,3.33292,148,6.67167,1.65004,0,4500,63163976817
255.899,3.90779,48.0672,0,87,80,83,1753,7000,3.33292,148,6.67167,1.65004,0,4500,63264044685
264.167,3.78549,47.6684,0,87,80,83,1753,7000,3.33292,148,6.67228,1.65004,0,4500,63364134794
261.037,3.83087,47.6684,0,87,80,83,1753,7000,3.33292,148,6.67228,1.65004,0,4500,63464222019
271.219,3.68706,47.6684,0,87,80,83,1753,7000,3.33292,148,6.67228,1.65004,0,4500,63564301882
239.683,4.17218,47.6684,0,87,80,83,1753,7000,3.33292,148,6.67228,1.65004,0,4500,63664390788
264.832,3.77598,47.6684,0,87,80,83,1753,7000,3.33292,148,6.67228,1.65004,0,4500,63764478097
249.284,4.01149,47.5214,0,88,80,83,1719,7000,3.33282,153,6.67227,1.65004,0,4500,63864559818
259.605,3.852,47.5214,0,88,80,83,1719,7000,3.33282,153,6.67227,1.65004,0,4500,63964641769
259.868,3.84811,47.5214,0,88,80,83,1719,7000,3.33282,153,6.67227,1.65004,0,4500,64064789985
247.827,4.03508,47.5214,0,88,80,83,1719,7000,3.33282,153,6.67227,1.65004,0,4500,64164870518
233.358,4.28527,47.5214,0,88,80,83,1719,7000,3.33282,153,6.67227,1.65004,0,4500,64264952757
249.04,4.01542,48.3108,0,91,79,83,1650,7000,3.33282,143,6.67245,1.65004,0,4502,64365039752
244.264,4.09393,48.3108,0,91,79,83,1650,7000,3.33282,143,6.67245,1.65004,0,4502,64465121100
239.221,4.18023,48.3108,0,91,79,83,1650,7000,3.33282,143,6.67245,1.65004,0,4502,64565204889
237.77,4.20575,48.3108,0,91,79,83,1650,7000,3.33282,143,6.67245,1.65004,0,4502,64665287765
249.177,4.01322,48.3108,0,91,79,83,1650,7000,3.33282,143,6.67245,1.65004,0,4502,64765366826
235.969,4.23785,46.9283,0,95,79,83,1739,7000,3.33282,155,6.67222,1.65004,0,4500,64865450867
237.14,4.21692,46.9283,0,95,79,83,1739,7000,3.33282,155,6.67222,1.65004,0,4500,64965531936
221.876,4.50702,46.9283,0,95,79,83,1739,7000,3.33282,155,6.67222,1.65004,0,4500,65065611662
237.682,4.20731,46.9283,0,95,79,83,1739,7000,3.33282,155,6.67222,1.65004,0,4500,65165690452
211.668,4.72438,46.9283,0,95,79,83,1739,7000,3.33282,155,6.67222,1.65004,0,4500,65265770551
239.941,4.16769,46.5986,0,95,78,83,1739,7000,3.33282,155,6.67173,1.65004,0,4500,65365848891
235.537,4.24561,46.5986,0,95,78,83,1739,7000,3.33282,155,6.67173,1.65004,0,4500,65465927495
223.017,4.48396,46.5986,0,95,78,83,1739,7000,3.33282,155,6.67173,1.65004,0,4500,65565958174
226.86,4.40801,46.5986,0,95,78,83,1739,7000,3.33282,155,6.67173,1.65004,0,4500,65666041274
226.509,4.41484,46.5986,0,95,78,83,1739,7000,3.33282,155,6.67173,1.65004,0,4500,65766126403
222.689,4.49058,46.8484,0,94,78,83,1729,7000,3.33282,149,6.67172,1.65004,0,4502,65866166304
233.969,4.27408,46.8484,0,94,78,83,1729,7000,3.33282,149,6.67172,1.65004,0,4502,65966246503
223.195,4.48039,46.8484,0,94,78,83,1729,7000,3.33282,149,6.67172,1.65004,0,4502,66066325362
225.468,4.43522,46.8484,0,94,78,83,1729,7000,3.33282,149,6.67172,1.65004,0,4502,66166405365
216.623,4.61631,46.8484,0,94,78,83,1729,7000,3.33282,149,6.67172,1.65004,0,4502,66266483023
227.891,4.38805,46.18,0,92,78,83,1722,7000,3.33282,145,6.67196,1.65004,0,4504,66366563499
214.042,4.67199,46.18,0,92,78,83,1722,7000,3.33282,145,6.67196,1.65004,0,4504,66466643345
228.514,4.3761,46.18,0,92,78,83,1722,7000,3.33282,145,6.67196,1.65004,0,4504,66566727208
230.567,4.33713,46.18,0,92,78,83,1722,7000,3.33282,145,6.67196,1.65004,0,4504,66666816859
212.048,4.71591,46.18,0,92,78,83,1722,7000,3.33282,145,6.67196,1.65004,0,4504,66766899998
219.115,4.56382,46.1538,0,90,78,83,1712,7000,3.33282,148,6.67196,1.65004,0,4501,66866983842
235.797,4.24093,46.1538,0,90,78,83,1712,7000,3.33282,148,6.67196,1.65004,0,4501,66967053191
223.103,4.48224,46.1538,0,90,78,83,1712,7000,3.33282,148,6.67196,1.65004,0,4501,67067123828
229.721,4.3531,46.1538,0,90,78,83,1712,7000,3.33282,148,6.67196,1.65004,0,4501,67167178989
244.945,4.08254,46.1538,0,90,78,83,1712,7000,3.33282,148,6.67196,1.65004,0,4501,67267271652
232.307,4.30465,46.0069,0,90,79,83,1712,7000,3.33282,148,6.63923,1.65004,0,4500,67367355471
226.656,4.41198,46.0069,0,90,79,83,1712,7000,3.33282,148,6.63923,1.65004,0,4500,67467438741
242.276,4.12753,46.0069,0,90,79,83,1712,7000,3.33282,148,6.63923,1.65004,0,4500,67567517732
232.185,4.30692,46.0069,0,90,79,83,1712,7000,3.33282,148,6.63923,1.65004,0,4500,67667599151
224.836,4.44768,46.0069,0,90,79,83,1712,7000,3.33282,148,6.63923,1.65004,0,4500,67767685921
231.484,4.31996,45.9649,0,89,79,83,1726,7000,3.33282,152,6.63925,1.65004,0,4500,67867769316
220.597,4.53315,45.9649,0,89,79,83,1726,7000,3.33282,152,6.63925,1.65004,0,4500,67967850023
224.419,4.45596,45.9649,0,89,79,83,1726,7000,3.33282,152,6.63925,1.65004,0,4500,68067935733
219.977,4.54593,45.9649,0,89,79,83,1726,7000,3.33282,152,6.63925,1.65004,0,4500,68168023855
232.304,4.30471,45.9649,0,89,79,83,1726,7000,3.33282,152,6.63925,1.65004,0,4500,68268110009
227.444,4.39669,47.9592,0,91,79,83,1719,7000,3.33282,150,6.63925,1.65004,0,4500,68368190701
224.228,4.45975,47.9592,0,91,79,83,1719,7000,3.33282,150,6.63925,1.65004,0,4500,68468272193
222.354,4.49734,47.9592,0,91,79,83,1719,7000,3.33282,150,6.63925,1.65004,0,4500,68568354011
217.596,4.59568,47.9592,0,91,79,83,1719,7000,3.33282,150,6.63925,1.65004,0,4500,68668445554
209.942,4.76323,47.9592,0,91,79,83,1719,7000,3.33282,150,6.63925,1.65004,0,4500,68768528798
222.59,4.49257,47.7234,0,94,79,82,1671,7000,3.33282,141,6.63456,1.65004,0,4500,68868616557
216.84,4.6117,47.7234,0,94,79,82,1671,7000,3.33282,141,6.63456,1.65004,0,4500,68968706906
229.893,4.34985,47.7234,0,94,79,82,1671,7000,3.33282,141,6.63456,1.65004,0,4500,69068802954
216.122,4.62701,47.7234,0,94,79,82,1671,7000,3.33282,141,6.63456,1.65004,0,4500,69168895831
232.558,4.29999,47.7234,0,94,79,82,1671,7000,3.33282,141,6.63456,1.65004,0,4500,69268982701
215.189,4.64709,46.4837,0,94,78,82,1671,7000,3.33282,141,6.63467,1.65004,0,4509,69369075044
235.785,4.24116,46.4837,0,94,78,82,1671,7000,3.33282,141,6.63467,1.65004,0,4509,69469157283
226.46,4.41579,46.4837,0,94,78,82,1671,7000,3.33282,141,6.63467,1.65004,0,4509,69569202976
209.767,4.76719,46.4837,0,94,78,82,1671,7000,3.33282,141,6.63467,1.65004,0,4509,69669282885
237.092,4.21777,46.4837,0,94,78,82,1671,7000,3.33282,141,6.63467,1.65004,0,4509,69769367667
220.746,4.53008,47.0489,0,92,78,83,1743,7000,3.33282,152,6.63467,1.65004,0,4500,69869493657
212.402,4.70806,47.0489,0,92,78,83,1743,7000,3.33282,152,6.63467,1.65004,0,4500,69969578378
214.597,4.65989,47.0489,0,92,78,83,1743,7000,3.33282,152,6.63467,1.65004,0,4500,70069629425
221.729,4.51001,47.0489,0,92,78,83,1743,7000,3.33282,152,6.63467,1.65004,0,4500,70169708154
223.507,4.47414,47.0489,0,92,78,83,1743,7000,3.33282,152,6.63467,1.65004,0,4500,70269786693
217.407,4.59966,46.4164,0,90,80,83,1723,7000,3.33282,149,6.63491,1.65004,0,4500,70369819986
225.345,4.43765,46.4164,0,90,80,83,1723,7000,3.33282,149,6.63491,1.65004,0,4500,70469900827
223.74,4.46947,46.4164,0,90,80,83,1723,7000,3.33282,149,6.63491,1.65004,0,4500,70569991055
217.724,4.59297,46.4164,0,90,80,83,1723,7000,3.33282,149,6.63491,1.65004,0,4500,70670079021
232.358,4.30371,46.4164,0,90,80,83,1723,7000,3.33282,149,6.63491,1.65004,0,4500,70770162559
227.363,4.39825,45.9829,0,88,80,83,1740,7000,3.33282,153,6.63443,1.65004,0,4500,70870217238
224.277,4.45878,45.9829,0,88,80,83,1740,7000,3.33282,153,6.63443,1.65004,0,4500,70970299625
251.029,3.98361,45.9829,0,88,80,83,1740,7000,3.33282,153,6.63443,1.65004,0,4500,71070380293
243.869,4.10056,45.9829,0,88,80,83,1740,7000,3.33282,153,6.63443,1.65004,0,4500,71170467140
242.589,4.1222,45.9829,0,88,80,83,1740,7000,3.33282,153,6.63443,1.65004,0,4500,71270549663
221.686,4.51088,46.8376,0,88,79,83,1740,7000,3.33282,153,6.63388,1.65004,0,4501,71370636445
238.852,4.18669,46.8376,0,88,79,83,1740,7000,3.33282,153,6.63388,1.65004,0,4501,71470715999
211.723,4.72315,46.8376,0,88,79,83,1740,7000,3.33282,153,6.63388,1.65004,0,4501,71570779088
231.202,4.32523,46.8376,0,88,79,83,1740,7000,3.33282,153,6.63388,1.65004,0,4501,71670889347
222.034,4.50382,46.8376,0,88,79,83,1740,7000,3.33282,153,6.63388,1.65004,0,4501,71770974598
234.031,4.27294,47.2081,0,89,79,83,1721,7000,3.33282,149,6.63411,1.65004,0,4503,71871059133
228.905,4.36862,47.2081,0,89,79,83,1721,7000,3.33282,149,6.63411,1.65004,0,4503,71971150462
247.945,4.03315,47.2081,0,89,79,83,1721,7000,3.33282,149,6.63411,1.65004,0,4503,72071230017
238.391,4.19479,47.2081,0,89,79,83,1721,7000,3.33282,149,6.63411,1.65004,0,4503,72171311424
249.605,4.00633,47.2081,0,89,79,83,1721,7000,3.33282,149,6.63411,1.65004,0,4503,72271395785
229.7,4.35351,48.3108,0,90,79,83,1734,7000,3.33282,153,6.63435,1.65004,0,4500,72371477227
232.605,4.29914,48.3108,0,90,79,83,1734,7000,3.33282,153,6.63435,1.65004,0,4500,72471559302
227.802,4.38979,48.3108,0,90,79,83,1734,7000,3.33282,153,6.63435,1.65004,0,4500,72571644184
238.599,4.19113,48.3108,0,90,79,83,1734,7000,3.33282,153,6.63435,1.65004,0,4500,72671726905
235.261,4.2506,48.3108,0,90,79,83,1734,7000,3.33282,153,6.63435,1.65004,0,4500,72771808702
231.668,4.31653,47.708,0,92,79,83,1650,7000,3.33282,141,6.63447,1.65004,0,4500,72871888748
187.943,5.32076,47.708,0,92,79,83,1650,7000,3.33282,141,6.63447,1.65004,0,4500,72971967506
216.139,4.62666,47.708,0,92,79,83,1650,7000,3.33282,141,6.63447,1.65004,0,4500,73072047728
205.323,4.87038,47.708,0,92,79,83,1650,7000,3.33282,141,6.63447,1.65004,0,4500,73172134009
206.704,4.83783,47.708,0,92,79,83,1650,7000,3.33282,141,6.63447,1.65004,0,4500,73272216033
198.879,5.02819,45.8961,0,92,78,83,1650,7000,3.33282,141,6.6346,1.65004,0,4500,73372298385
197.816,5.05519,45.8961,0,92,78,83,1650,7000,3.33282,141,6.6346,1.65004,0,4500,73472381059
210.447,4.75179,45.8961,0,92,78,83,1650,7000,3.33282,141,6.6346,1.65004,0,4500,73572462229
198.571,5.03598,45.8961,0,92,78,83,1650,7000,3.33282,141,6.6346,1.65004,0,4500,73672547467
207.341,4.82296,45.8961,0,92,78,83,1650,7000,3.33282,141,6.6346,1.65004,0,4500,73772629375
205.815,4.85874,47.2269,0,94,78,82,1731,7000,3.33282,145,6.63435,1.65004,0,4504,73872714335
208.836,4.78845,47.2269,0,94,78,82,1731,7000,3.33282,145,6.63435,1.65004,0,4504,73972807616
183.408,5.45233,47.2269,0,94,78,82,1731,7000,3.33282,145,6.63435,1.65004,0,4504,74072900547
208.467,4.79692,47.2269,0,94,78,82,1731,7000,3.33282,145,6.63435,1.65004,0,4504,74172990201
210.859,4.7425,47.2269,0,94,78,82,1731,7000,3.33282,145,6.63435,1.65004,0,4504,74273074316
219.815,4.54929,44.2142,0,91,78,83,1776,7000,3.33282,149,6.63483,1.65004,0,4503,74373153048
207.285,4.82428,44.2142,0,91,78,83,1776,7000,3.33282,149,6.63483,1.65004,0,4503,74473231026
207.013,4.8306,44.2142,0,91,78,83,1776,7000,3.33282,149,6.63483,1.65004,0,4503,74573314817
210.058,4.76058,44.2142,0,91,78,83,1776,7000,3.33282,149,6.63483,1.65004,0,4503,74673399417
207.649,4.81581,44.2142,0,91,78,83,1776,7000,3.33282,149,6.63483,1.65004,0,4503,74773444395
213.321,4.68777,44.3493,0,83,78,83,1761,7000,3.33282,145,6.63483,1.65004,0,4504,74873537102
224.787,4.44866,44.3493,0,83,78,83,1761,7000,3.33282,145,6.63483,1.65004,0,4504,74973633239
207.727,4.814,44.3493,0,83,78,83,1761,7000,3.33282,145,6.63483,1.65004,0,4504,75073696067
217.82,4.59095,44.3493,0,83,78,83,1761,7000,3.33282,145,6.63483,1.65004,0,4504,75173782522
209.671,4.76938,44.3493,0,83,78,83,1761,7000,3.33282,145,6.63483,1.65004,0,4504,75273870194
217.48,4.59812,44.9744,0,83,79,83,1761,7000,3.33282,145,6.6352,1.65004,0,4501,75373951363
219.657,4.55255,44.9744,0,83,79,83,1761,7000,3.33282,145,6.6352,1.65004,0,4501,75474039869
212.261,4.71118,44.9744,0,83,79,83,1761,7000,3.33282,145,6.6352,1.65004,0,4501,75574118254
211.836,4.72063,44.9744,0,83,79,83,1761,7000,3.33282,145,6.6352,1.65004,0,4501,75674200327
212.51,4.70566,44.9744,0,83,79,83,1761,7000,3.33282,145,6.6352,1.65004,0,4501,75774278952
218.678,4.57294,45.4855,0,83,79,82,1719,7000,3.33282,144,6.63468,1.65004,0,4510,75874360516
219.958,4.54632,45.4855,0,83,79,82,1719,7000,3.33282,144,6.63468,1.65004,0,4510,75974447074
221.234,4.52009,45.4855,0,83,79,82,1719,7000,3.33282,144,6.63468,1.65004,0,4510,76074536784
222.422,4.49596,45.4855,0,83,79,82,1719,7000,3.33282,144,6.63468,1.65004,0,4510,76174621520
223.764,4.46898,45.4855,0,83,79,82,1719,7000,3.33282,144,6.63468,1.65004,0,4510,76274714496
216.074,4.62804,44.8041,0,84,79,83,1757,7000,3.33282,152,6.63488,1.65004,0,4500,76374797045
216.317,4.62285,44.8041,0,84,79,83,1757,7000,3.33282,152,6.63488,1.65004,0,4500,76474879680
215.723,4.63558,44.8041,0,84,79,83,1757,7000,3.33282,152,6.63488,1.65004,0,4500,76574983116
214.287,4.66665,44.8041,0,84,79,83,1757,7000,3.33282,152,6.63488,1.65004,0,4500,76675064570
216.14,4.62664,44.8041,0,84,79,83,1757,7000,3.33282,152,6.63488,1.65004,0,4500,76775145405
216.853,4.61143,45.3469,0,87,79,83,1756,7000,3.33282,154,6.635,1.65004,0,4500,76875225731
210.374,4.75345,45.3469,0,87,79,83,1756,7000,3.33282,154,6.635,1.65004,0,4500,76975282581
221.335,4.51804,45.3469,0,87,79,83,1756,7000,3.33282,154,6.635,1.65004,0,4500,77075366032
204.745,4.88412,45.3469,0,87,79,83,1756,7000,3.33282,154,6.635,1.65004,0,4500,77175452184
213.496,4.68393,45.3469,0,87,79,83,1756,7000,3.33282,154,6.635,1.65004,0,4500,77275535275
205.692,4.86164,45.4545,0,87,79,83,1756,7000,3.33282,154,6.63488,1.65004,0,4500,77375623363
228.801,4.3706,45.4545,0,87,79,83,1756,7000,3.33282,154,6.63488,1.65004,0,4500,77475708639
216.88,4.61084,45.4545,0,87,79,83,1756,7000,3.33282,154,6.63488,1.65004,0,4500,77575790675
217.22,4.60362,45.4545,0,87,79,83,1756,7000,3.33282,154,6.63488,1.65004,0,4500,77675872945
210.716,4.74573,45.4545,0,87,79,83,1756,7000,3.33282,154,6.63488,1.65004,0,4500,77775957714
187.749,5.32626,44.7504,0,87,79,83,1754,7000,3.33282,153,6.63512,1.65004,0,4503,77876052342
212.616,4.70332,44.7504,0,87,79,83,1754,7000,3.33282,153,6.63512,1.65004,0,4503,77976143713
195.705,5.10972,44.7504,0,87,79,83,1754,7000,3.33282,153,6.63512,1.65004,0,4503,78076224063
198.112,5.04764,44.7504,0,87,79,83,1754,7000,3.33282,153,6.63512,1.65004,0,4503,78176294709
214.76,4.65637,44.7504,0,87,79,83,1754,7000,3.33282,153,6.63512,1.65004,0,4503,78276376125
211.041,4.73841,46.0637,0,88,78,83,1704,7000,3.33282,144,6.63464,1.65004,0,4501,78376460811
210.472,4.75123,46.0637,0,88,78,83,1704,7000,3.33282,144,6.63464,1.65004,0,4501,78476541974
220.915,4.52663,46.0637,0,88,78,83,1704,7000,3.33282,144,6.63464,1.65004,0,4501,78576625033
194.447,5.1428,46.0637,0,88,78,83,1704,7000,3.33282,144,6.63464,1.65004,0,4501,78676705346
207.962,4.80856,46.0637,0,88,78,83,1704,7000,3.33282,144,6.63464,1.65004,0,4501,78776786701
210.032,4.76117,45.1448,0,89,78,83,1716,7000,3.33282,150,6.63488,1.65004,0,4504,78876873064
211.068,4.73781,45.1448,0,89,78,83,1716,7000,3.33282,150,6.63488,1.65004,0,4504,78976919597
190.746,5.24257,45.1448,0,89,78,83,1716,7000,3.33282,150,6.63488,1.65004,0,4504,79077007128
205.026,4.87742,45.1448,0,89,78,83,1716,7000,3.33282,150,6.63488,1.65004,0,4504,79177093806
219.314,4.55968,45.1448,0,89,78,83,1716,7000,3.33282,150,6.63488,1.65004,0,4504,79277173088
202.099,4.94807,45.1448,0,89,78,83,1716,7000,3.33282,150,6.63488,1.65004,0,4504,79377266931
216.203,4.62529,44.3493,0,89,78,83,1716,7000,3.33282,150,6.63488,1.65004,0,4500,79477314380
221.052,4.52382,44.3493,0,89,78,83,1716,7000,3.33282,150,6.63488,1.65004,0,4500,79577397446
208.209,4.80286,44.3493,0,89,78,83,1716,7000,3.33282,150,6.63488,1.65004,0,4500,79677485992
209.984,4.76227,44.3493,0,89,78,83,1716,7000,3.33282,150,6.63488,1.65004,0,4500,79777571763
218.549,4.57562,44.3493,0,89,78,83,1716,7000,3.33282,150,6.63488,1.65004,0,4500,79877653114
214.807,4.65535,45.2542,0,89,78,83,1737,7000,3.33282,151,6.635,1.65004,0,4500,79977733777
208.545,4.79513,45.2542,0,89,78,83,1737,7000,3.33282,151,6.635,1.65004,0,4500,80077816581
213.991,4.6731,45.2542,0,89,78,83,1737,7000,3.33282,151,6.635,1.65004,0,4500,80177906813
202.084,4.94843,45.2542,0,89,78,83,1737,7000,3.33282,151,6.635,1.65004,0,4500,80277985033
220.335,4.53854,45.2542,0,89,78,83,1737,7000,3.33282,151,6.635,1.65004,0,4500,80378018440
211.457,4.72909,44.5578,0,90,79,83,1742,7000,3.33282,151,6.63536,1.65004,0,4500,80478097640
226.942,4.4064,44.5578,0,90,79,83,1742,7000,3.33282,151,6.63536,1.65004,0,4500,80578186435
211.872,4.71984,44.5578,0,90,79,83,1742,7000,3.33282,151,6.63536,1.65004,0,4500,80678277014
222.81,4.48814,44.5578,0,90,79,83,1742,7000,3.33282,151,6.63536,1.65004,0,4500,80778323253
215.04,4.65029,44.5578,0,90,79,83,1742,7000,3.33282,151,6.63536,1.65004,0,4500,80878403726
202.137,4.94715,45.2542,0,90,79,83,1726,7000,3.33282,149,6.6356,1.65004,0,4500,80978484620
209.325,4.77726,45.2542,0,90,79,83,1726,7000,3.33282,149,6.6356,1.65004,0,4500,81078563836
216.231,4.62469,45.2542,0,90,79,83,1726,7000,3.33282,149,6.6356,1.65004,0,4500,81178650165
212.012,4.71672,45.2542,0,90,79,83,1726,7000,3.33282,149,6.6356,1.65004,0,4500,81278734237
211.509,4.72794,45.2542,0,90,79,83,1726,7000,3.33282,149,6.6356,1.65004,0,4500,81378825202
212.053,4.7158,44.7099,0,90,79,83,1726,7000,3.33282,149,6.6362,1.65004,0,4500,81478918323
214.85,4.6544,44.7099,0,90,79,83,1726,7000,3.33282,149,6.6362,1.65004,0,4500,81579011944
204.348,4.89362,44.7099,0,90,79,83,1726,7000,3.33282,149,6.6362,1.65004,0,4500,81679092090
208.625,4.7933,44.7099,0,90,79,83,1726,7000,3.33282,149,6.6362,1.65004,0,4500,81779173603
214.986,4.65147,44.7099,0,90,79,83,1726,7000,3.33282,149,6.6362,1.65004,0,4500,81879255624
216.383,4.62144,45.0253,0,90,79,83,1728,7000,3.33282,147,6.63632,1.65004,0,4505,81979336894
216.071,4.62812,45.0253,0,90,79,83,1728,7000,3.33282,147,6.63632,1.65004,0,4505,82079420104
208.836,4.78844,45.0253,0,90,79,83,1728,7000,3.33282,147,6.63632,1.65004,0,4505,82179497206
215.896,4.63186,45.0253,0,90,79,83,1728,7000,3.33282,147,6.63632,1.65004,0,4505,82279578923
209.428,4.77491,45.0253,0,90,79,83,1728,7000,3.33282,147,6.63632,1.65004,0,4505,82379665393
208.963,4.78554,44.7458,0,90,78,83,1708,7000,3.33282,146,6.63608,1.65004,0,4500,82479747203
210.408,4.75268,44.7458,0,90,78,83,1708,7000,3.33282,146,6.63608,1.65004,0,4500,82579831858
211.206,4.73471,44.7458,0,90,78,83,1708,7000,3.33282,146,6.63608,1.65004,0,4500,82679913091
216.039,4.62879,44.7458,0,90,78,83,1708,7000,3.33282,146,6.63608,1.65004,0,4500,82780005904
211.811,4.72119,44.7458,0,90,78,83,1708,7000,3.33282,146,6.63608,1.65004,0,4500,82880092403
192.008,5.20813,45.3177,0,90,78,83,1753,7000,3.33282,150,6.63628,1.65004,0,4500,82980173079
209.962,4.76276,45.3177,0,90,78,83,1753,7000,3.33282,150,6.63628,1.65004,0,4500,83080257219
217.235,4.60331,45.3177,0,90,78,83,1753,7000,3.33282,150,6.63628,1.65004,0,4500,83180346379
214.464,4.66279,45.3177,0,90,78,83,1753,7000,3.33282,150,6.63628,1.65004,0,4500,83280465609
218.002,4.5871,45.3177,0,90,78,83,1753,7000,3.33282,150,6.63628,1.65004,0,4500,83380547958
216.217,4.62498,45.8824,0,90,79,83,1753,7000,3.33282,150,6.63652,1.65004,0,4500,83480629038
225.596,4.43269,45.8824,0,90,79,83,1753,7000,3.33282,150,6.63652,1.65004,0,4500,83580726255
224.196,4.46038,45.8824,0,90,79,83,1753,7000,3.33282,150,6.63652,1.65004,0,4500,83680811663
216.955,4.60926,45.8824,0,90,79,83,1753,7000,3.33282,150,6.63652,1.65004,0,4500,83780900098
218.871,4.5689,45.8824,0,90,79,83,1753,7000,3.33282,150,6.63652,1.65004,0,4500,83880982750
225.056,4.44335,45.0607,0,87,79,83,1754,7000,3.33282,148,6.63664,1.65004,0,4500,83981065281
229.288,4.36132,45.0607,0,87,79,83,1754,7000,3.33282,148,6.63664,1.65004,0,4500,84081146333
217.663,4.59426,45.0607,0,87,79,83,1754,7000,3.33282,148,6.63664,1.65004,0,4500,84181238309
216.637,4.61602,45.0607,0,87,79,83,1754,7000,3.33282,148,6.63664,1.65004,0,4500,84281316390
226.222,4.42044,45.0607,0,87,79,83,1754,7000,3.33282,148,6.63664,1.65004,0,4500,84381363472
231.817,4.31374,45.5782,0,86,79,83,1766,7000,3.33282,153,6.63652,1.65004,0,4503,84481452531
219.877,4.54799,45.5782,0,86,79,83,1766,7000,3.33282,153,6.63652,1.65004,0,4503,84581536824
224.866,4.4471,45.5782,0,86,79,83,1766,7000,3.33282,153,6.63652,1.65004,0,4503,84681621062
214.516,4.66166,45.5782,0,86,79,83,1766,7000,3.33282,153,6.63652,1.65004,0,4503,84781702095
212.734,4.70071,45.5782,0,86,79,83,1766,7000,3.33282,153,6.63652,1.65004,0,4503,84881782122
221.457,4.51555,45.6081,0,86,79,83,1743,7000,3.33282,150,6.63689,1.65004,0,4500,84981872773
222.456,4.49528,45.6081,0,86,79,83,1743,7000,3.33282,150,6.63689,1.65004,0,4500,85081960929
223.732,4.46964,45.6081,0,86,79,83,1743,7000,3.33282,150,6.63689,1.65004,0,4500,85182056807
223.665,4.47097,45.6081,0,86,79,83,1743,7000,3.33282,150,6.63689,1.65004,0,4500,85282137314
227.844,4.38896,45.6081,0,86,79,83,1743,7000,3.33282,150,6.63689,1.65004,0,4500,85382216843
212.543,4.70493,45.2381,0,86,79,83,1743,7000,3.33282,150,6.63676,1.65004,0,4506,85482297431
214.388,4.66444,45.2381,0,86,79,83,1743,7000,3.33282,150,6.63676,1.65004,0,4506,85582375736
217.402,4.59978,45.2381,0,86,79,83,1743,7000,3.33282,150,6.63676,1.65004,0,4506,85682458877
215.422,4.64204,45.2381,0,86,79,83,1743,7000,3.33282,150,6.63676,1.65004,0,4506,85782537916
209.547,4.7722,45.2381,0,86,79,83,1743,7000,3.33282,150,6.63676,1.65004,0,4506,85882615364
210.402,4.7528,44.6701,0,86,79,83,1748,7000,3.33282,151,6.63673,1.65004,0,4508,85982697339
210.168,4.75811,44.6701,0,86,79,83,1748,7000,3.33282,151,6.63673,1.65004,0,4508,86082808169
194.706,5.13596,44.6701,0,86,79,83,1748,7000,3.33282,151,6.63673,1.65004,0,4508,86182892408
204.629,4.8869,44.6701,0,86,79,83,1748,7000,3.33282,151,6.63673,1.65004,0,4508,86282983803
212.016,4.71663,44.6701,0,86,79,83,1748,7000,3.33282,151,6.63673,1.65004,0,4508,86383113401
213.985,4.67322,44.874,0,86,78,83,1751,7000,3.33282,150,6.63673,1.65004,0,4508,86483198411
209.995,4.76202,44.874,0,86,78,83,1751,7000,3.33282,150,6.63673,1.65004,0,4508,86583279809
212.958,4.69575,44.874,0,86,78,83,1751,7000,3.33282,150,6.63673,1.65004,0,4508,86683360643
206.467,4.84338,44.874,0,86,78,83,1751,7000,3.33282,150,6.63673,1.65004,0,4508,86783449039
213.408,4.68586,44.874,0,86,78,83,1751,7000,3.33282,150,6.63673,1.65004,0,4508,86883534841
209.258,4.77879,44.8041,0,88,78,83,1742,7000,3.33282,150,6.63721,1.65004,0,4507,86983619347
222.905,4.48623,44.8041,0,88,78,83,1742,7000,3.33282,150,6.63721,1.65004,0,4507,87083699448
214.89,4.65354,44.8041,0,88,78,83,1742,7000,3.33282,150,6.63721,1.65004,0,4507,87183780634
209.712,4.76844,44.8041,0,88,78,83,1742,7000,3.33282,150,6.63721,1.65004,0,4507,87283859624
210.86,4.74248,44.8041,0,88,78,83,1742,7000,3.33282,150,6.63721,1.65004,0,4507,87383941800
212.342,4.70939,44.3124,0,88,79,83,1742,7000,3.33282,150,6.63721,1.65004,0,4500,87484020376
212.674,4.70204,44.3124,0,88,79,83,1742,7000,3.33282,150,6.63721,1.65004,0,4500,87584099036
212.071,4.7154,44.3124,0,88,79,83,1742,7000,3.33282,150,6.63721,1.65004,0,4500,87684186026
215.668,4.63675,44.3124,0,88,79,83,1742,7000,3.33282,150,6.63721,1.65004,0,4500,87784273491
198.044,5.04938,44.3124,0,88,79,83,1742,7000,3.33282,150,6.63721,1.65004,0,4500,87884356166
212.097,4.71482,44.5578,0,88,79,83,1748,7000,3.33282,152,6.63721,1.65004,0,4503,87984398910
219.54,4.55497,44.5578,0,88,79,83,1748,7000,3.33282,152,6.63721,1.65004,0,4503,88084481939
218.465,4.57739,44.5578,0,88,79,83,1748,7000,3.33282,152,6.63721,1.65004,0,4503,88184588861
206.895,4.83338,44.5578,0,88,79,83,1748,7000,3.33282,152,6.63721,1.65004,0,4503,88284672643
215.218,4.64645,44.5578,0,88,79,83,1748,7000,3.33282,152,6.63721,1.65004,0,4503,88384755394
206.102,4.85198,44.3299,0,88,79,83,1733,7000,3.33282,147,6.63709,1.65004,0,4501,88484835670
212.284,4.71066,44.3299,0,88,79,83,1733,7000,3.33282,147,6.63709,1.65004,0,4501,88584916106
197.593,5.06092,44.3299,0,88,79,83,1733,7000,3.33282,147,6.63709,1.65004,0,4501,88684974430
197.859,5.05411,44.3299,0,88,79,83,1733,7000,3.33282,147,6.63709,1.65004,0,4501,88785061674
191.388,5.22499,44.3299,0,88,79,83,1733,7000,3.33282,147,6.63709,1.65004,0,4501,88885102325
203.664,4.91006,43.7819,0,89,79,83,1746,7000,3.33282,152,6.63709,1.65004,0,4500,88985181789
204.787,4.88313,43.7819,0,89,79,83,1746,7000,3.33282,152,6.63709,1.65004,0,4500,89085261739
197.971,5.05124,43.7819,0,89,79,83,1746,7000,3.33282,152,6.63709,1.65004,0,4500,89185341794
188.277,5.31133,43.7819,0,89,79,83,1746,7000,3.33282,152,6.63709,1.65004,0,4500,89285413289
199.536,5.01163,43.7819,0,89,79,83,1746,7000,3.33282,152,6.63709,1.65004,0,4500,89385499490
203.454,4.91511,44.2953,0,89,79,83,1746,7000,3.33282,152,6.63745,1.65004,0,4500,89485582832
188.975,5.29171,44.2953,0,89,79,83,1746,7000,3.33282,152,6.63745,1.65004,0,4500,89585666644
204.608,4.88739,44.2953,0,89,79,83,1746,7000,3.33282,152,6.63745,1.65004,0,4500,89685745540
195.499,5.11513,44.2953,0,89,79,83,1746,7000,3.33282,152,6.63745,1.65004,0,4500,89785827760
187.333,5.33809,44.2953,0,89,79,83,1746,7000,3.33282,152,6.63745,1.65004,0,4500,89885914161
202.373,4.94137,43.7288,0,87,79,83,1751,7000,3.33282,146,6.63745,1.65004,0,4502,89986001364
186.121,5.37285,43.7288,0,87,79,83,1751,7000,3.33282,146,6.63745,1.65004,0,4502,90086081928
194.521,5.14084,43.7288,0,87,79,83,1751,7000,3.33282,146,6.63745,1.65004,0,4502,90186163599
197.408,5.06565,43.7288,0,87,79,83,1751,7000,3.33282,146,6.63745,1.65004,0,4502,90286243761
200.418,4.98956,43.7288,0,87,79,83,1751,7000,3.33282,146,6.63745,1.65004,0,4502,90386323031
191.374,5.22538,43.7288,0,85,79,83,1756,7000,3.33282,147,6.63778,1.65004,0,4502,90486422981
196.388,5.09195,43.7288,0,85,79,83,1756,7000,3.33282,147,6.63778,1.65004,0,4502,90586511266
185.822,5.38149,43.7288,0,85,79,83,1756,7000,3.33282,147,6.63778,1.65004,0,4502,90686549214
184.488,5.4204,43.7288,0,85,79,83,1756,7000,3.33282,147,6.63778,1.65004,0,4502,90786630762
189.447,5.27852,43.7288,0,85,79,83,1756,7000,3.33282,147,6.63778,1.65004,0,4502,90886708202
189.497,5.27712,42.5862,0,81,79,83,1755,7000,3.33282,143,6.63791,1.65004,0,4500,90986788600
186.742,5.35497,42.5862,0,81,79,83,1755,7000,3.33282,143,6.63791,1.65004,0,4500,91086872785
193.242,5.17487,42.5862,0,81,79,83,1755,7000,3.33282,143,6.63791,1.65004,0,4500,91186954522
187.262,5.34011,42.5862,0,81,79,83,1755,7000,3.33282,143,6.63791,1.65004,0,4500,91287034866
189.063,5.28925,42.5862,0,81,79,83,1755,7000,3.33282,143,6.63791,1.65004,0,4500,91387116450
182.847,5.46904,43.0508,0,81,78,83,1755,7000,3.33282,143,6.63766,1.65004,0,4505,91487196206
196.649,5.08521,43.0508,0,81,78,83,1755,7000,3.33282,143,6.63766,1.65004,0,4505,91587278678
186.698,5.35626,43.0508,0,81,78,83,1755,7000,3.33282,143,6.63766,1.65004,0,4505,91687360893
189.263,5.28366,43.0508,0,81,78,83,1755,7000,3.33282,143,6.63766,1.65004,0,4505,91787439523
187.181,5.34243,43.0508,0,81,78,83,1755,7000,3.33282,143,6.63766,1.65004,0,4505,91887528219
188.544,5.30381,43.1472,0,81,78,83,1776,7000,3.33282,149,6.6379,1.65004,0,4505,91987610531
183.706,5.44349,43.1472,0,81,78,83,1776,7000,3.33282,149,6.6379,1.65004,0,4505,92087692619
189.151,5.28679,43.1472,0,81,78,83,1776,7000,3.33282,149,6.6379,1.65004,0,4505,92187782169
194.418,5.14355,43.1472,0,81,78,83,1776,7000,3.33282,149,6.6379,1.65004,0,4505,92287874796
185.586,5.38833,43.1472,0,81,78,83,1776,7000,3.33282,149,6.6379,1.65004,0,4505,92387964132
196.762,5.08227,43.4343,0,80,78,83,1761,7000,3.33282,143,6.6379,1.65004,0,4506,92488032812
197.235,5.07009,43.4343,0,80,78,83,1761,7000,3.33282,143,6.6379,1.65004,0,4506,92588116606
185.691,5.3853,43.4343,0,80,78,83,1761,7000,3.33282,143,6.6379,1.65004,0,4506,92688208800
185.742,5.38382,43.4343,0,80,78,83,1761,7000,3.33282,143,6.6379,1.65004,0,4506,92788302889
188.141,5.31517,43.4343,0,80,78,83,1761,7000,3.33282,143,6.6379,1.65004,0,4506,92888381814
209.046,4.78363,42.9302,0,78,78,82,1772,7000,3.33282,144,6.63791,1.65004,0,4503,92988453277
199.467,5.01337,42.9302,0,78,78,82,1772,7000,3.33282,144,6.63791,1.65004,0,4503,93088539328
200.572,4.98573,42.9302,0,78,78,82,1772,7000,3.33282,144,6.63791,1.65004,0,4503,93188623479
207.71,4.81441,42.9302,0,78,78,82,1772,7000,3.33282,144,6.63791,1.65004,0,4503,93288706618
193.636,5.16432,42.9302,0,78,78,82,1772,7000,3.33282,144,6.63791,1.65004,0,4503,93388805919
215.07,4.64964,45.1448,0,78,79,82,1772,7000,3.33282,144,6.63793,1.65004,0,4500,93488904000
210.667,4.74683,45.1448,0,78,79,82,1772,7000,3.33282,144,6.63793,1.65004,0,4500,93588991168
207.08,4.82906,45.1448,0,78,79,82,1772,7000,3.33282,144,6.63793,1.65004,0,4500,93689074618
197.292,5.06863,45.1448,0,78,79,82,1772,7000,3.33282,144,6.63793,1.65004,0,4500,93789168602
205.505,4.86605,45.1448,0,78,79,82,1772,7000,3.33282,144,6.63793,1.65004,0,4500,93889250180
198.985,5.0255,45.0085,0,77,79,83,1767,7000,3.33282,146,6.63793,1.65004,0,4504,93989339584
197.806,5.05547,45.0085,0,77,79,83,1767,7000,3.33282,146,6.63793,1.65004,0,4504,94089421381
197.438,5.06488,45.0085,0,77,79,83,1767,7000,3.33282,146,6.63793,1.65004,0,4504,94189462069
210.442,4.7519,45.0085,0,77,79,83,1767,7000,3.33282,146,6.63793,1.65004,0,4504,94289544816
191.734,5.21556,45.0085,0,77,79,83,1767,7000,3.33282,146,6.63793,1.65004,0,4504,94389629701
209.266,4.77862,45.2703,0,77,80,83,1761,7000,3.33282,147,6.63793,1.65004,0,4500,94489709467
201.896,4.95304,45.2703,0,77,80,83,1761,7000,3.33282,147,6.63793,1.65004,0,4500,94589794721
196.046,5.10083,45.2703,0,77,80,83,1761,7000,3.33282,147,6.63793,1.65004,0,4500,94689877534
208.57,4.79455,45.2703,0,77,80,83,1761,7000,3.33282,147,6.63793,1.65004,0,4500,94789979060
220.94,4.52612,45.2703,0,77,80,83,1761,7000,3.33282,147,6.63793,1.65004,0,4500,94890066492
201.272,4.96839,45.4392,0,80,80,83,1775,7000,3.33282,149,6.63818,1.65004,0,4500,94990151689
197.592,5.06094,45.4392,0,80,80,83,1775,7000,3.33282,149,6.63818,1.65004,0,4500,95090233170
202.714,4.93305,45.4392,0,80,80,83,1775,7000,3.33282,149,6.63818,1.65004,0,4500,95190311496
205.972,4.85504,45.4392,0,80,80,83,1775,7000,3.33282,149,6.63818,1.65004,0,4500,95290392077
227.657,4.39258,45.4392,0,80,80,83,1775,7000,3.33282,149,6.63818,1.65004,0,4500,95390478026
222.037,4.50376,45.283,0,80,79,83,1775,7000,3.33282,149,6.63781,1.65004,0,4500,95490578913
217.632,4.59492,45.283,0,80,79,83,1775,7000,3.33282,149,6.63781,1.65004,0,4500,95590664676
228.985,4.36709,45.283,0,80,79,83,1775,7000,3.33282,149,6.63781,1.65004,0,4500,95690742666
227.516,4.39529,45.283,0,80,79,83,1775,7000,3.33282,149,6.63781,1.65004,0,4500,95790785462
232.052,4.30937,45.283,0,80,79,83,1775,7000,3.33282,149,6.63781,1.65004,0,4500,95890866026
227.725,4.39126,45.0342,0,80,79,83,1760,7000,3.33282,149,6.63795,1.65004,0,4500,95990952420
222.469,4.49502,45.0342,0,80,79,83,1760,7000,3.33282,149,6.63795,1.65004,0,4500,96091038377
219.79,4.5498,45.0342,0,80,79,83,1760,7000,3.33282,149,6.63795,1.65004,0,4500,96191123079
217.471,4.59832,45.0342,0,80,79,83,1760,7000,3.33282,149,6.63795,1.65004,0,4500,96291216257
219.398,4.55792,45.0342,0,80,79,83,1760,7000,3.33282,149,6.63795,1.65004,0,4500,96391297239
228.539,4.37562,45.7483,0,80,80,83,1753,7000,3.33282,146,6.63806,1.65004,0,4500,96491381415
214.793,4.65563,45.7483,0,80,80,83,1753,7000,3.33282,146,6.63806,1.65004,0,4500,96591467155
221.304,4.51866,45.7483,0,80,80,83,1753,7000,3.33282,146,6.63806,1.65004,0,4500,96693960586
215.926,4.63123,45.7483,0,80,80,83,1753,7000,3.33282,146,6.63806,1.65004,0,4500,96794045698
222.215,4.50015,45.7483,0,80,80,83,1753,7000,3.33282,146,6.63806,1.65004,0,4500,96894136734
230.772,4.33329,46.2963,0,82,80,83,1748,7000,3.33282,147,6.63843,1.65004,0,4500,96994229532
223.485,4.47457,46.2963,0,82,80,83,1748,7000,3.33282,147,6.63843,1.65004,0,4500,97094271458
229.661,4.35425,46.2963,0,82,80,83,1748,7000,3.33282,147,6.63843,1.65004,0,4500,97194360695
222.276,4.4989,46.2963,0,82,80,83,1748,7000,3.33282,147,6.63843,1.65004,0,4500,97294440674
223.467,4.47493,46.2963,0,82,80,83,1748,7000,3.33282,147,6.63843,1.65004,0,4500,97394498046
240.858,4.15183,46.9492,0,82,78,83,1748,7000,3.33282,147,6.6383,1.65004,0,4503,97494583116
238.494,4.19298,46.9492,0,82,78,83,1748,7000,3.33282,147,6.6383,1.65004,0,4503,97594670756
226.358,4.41779,46.9492,0,82,78,83,1748,7000,3.33282,147,6.6383,1.65004,0,4503,97694758869
232.296,4.30485,46.9492,0,82,78,83,1748,7000,3.33282,147,6.6383,1.65004,0,4503,97794846077
218.271,4.58146,46.9492,0,82,78,83,1748,7000,3.33282,147,6.6383,1.65004,0,4503,97894927411
222.795,4.48843,46.4164,0,82,78,83,1756,7000,3.33282,148,6.6383,1.65004,0,4500,97995012604
224.136,4.46157,46.4164,0,82,78,83,1756,7000,3.33282,148,6.6383,1.65004,0,4500,98095099155
236.629,4.22603,46.4164,0,82,78,83,1756,7000,3.33282,148,6.6383,1.65004,0,4500,98195192699
224.607,4.45223,46.4164,0,82,78,83,1756,7000,3.33282,148,6.6383,1.65004,0,4500,98295274805
236.19,4.23388,46.4164,0,82,78,83,1756,7000,3.33282,148,6.6383,1.65004,0,4500,98395356390
243.455,4.10753,46.5986,0,82,78,83,1743,7000,3.33282,148,6.63818,1.65004,0,4500,98495446732
226.89,4.40742,46.5986,0,82,78,83,1743,7000,3.33282,148,6.63818,1.65004,0,4500,98595509169
229.752,4.35253,46.5986,0,82,78,83,1743,7000,3.33282,148,6.63818,1.65004,0,4500,98695593688
241.52,4.14045,46.5986,0,82,78,83,1743,7000,3.33282,148,6.63818,1.65004,0,4500,98795674005
226.079,4.42323,46.5986,0,82,78,83,1743,7000,3.33282,148,6.63818,1.65004,0,4500,98895755350
228.697,4.37259,46.678,0,86,78,83,1747,7000,3.33282,149,6.63794,1.65004,0,4501,98995836976
241.079,4.14802,46.678,0,86,78,83,1747,7000,3.33282,149,6.63794,1.65004,0,4501,99095916741
243.075,4.11396,46.678,0,86,78,83,1747,7000,3.33282,149,6.63794,1.65004,0,4501,99196000326
231.517,4.31933,46.678,0,86,78,83,1747,7000,3.33282,149,6.63794,1.65004,0,4501,99296087737
238.947,4.18502,46.678,0,86,78,83,1747,7000,3.33282,149,6.63794,1.65004,0,4501,99396170802
231.947,4.31134,46.988,0,86,78,83,1747,7000,3.33282,149,6.6381,1.65004,0,4501,99496269633
201.428,4.96455,46.988,0,86,78,83,1747,7000,3.33282,149,6.6381,1.65004,0,4501,99596350490
243.185,4.1121,46.988,0,86,78,83,1747,7000,3.33282,149,6.6381,1.65004,0,4501,99696434790
237.779,4.20559,46.988,0,86,78,83,1747,7000,3.33282,149,6.6381,1.65004,0,4501,99796522396
234.101,4.27166,46.988,0,86,78,83,1747,7000,3.33282,149,6.6381,1.65004,0,4501,99896610143
241.035,4.14877,47.5793,0,85,80,83,1743,7000,3.33282,150,6.63856,1.65004,0,4500,99996697682
242.981,4.11555,47.5793,0,85,80,83,1743,7000,3.33282,150,6.63856,1.65004,0,4500,100096783234
226.903,4.40716,47.5793,0,85,80,83,1743,7000,3.33282,150,6.63856,1.65004,0,4500,100196864278
223.597,4.47233,47.5793,0,85,80,83,1743,7000,3.33282,150,6.63856,1.65004,0,4500,100296908261
237.131,4.21708,47.5793,0,85,80,83,1743,7000,3.33282,150,6.63856,1.65004,0,4500,100396990502
234.055,4.27251,46.8484,0,85,80,83,1760,7000,3.33282,151,6.63868,1.65004,0,4503,100497075006
246.768,4.05238,46.8484,0,85,80,83,1760,7000,3.33282,151,6.63868,1.65004,0,4503,100597154463
243.703,4.10335,46.8484,0,85,80,83,1760,7000,3.33282,151,6.63868,1.65004,0,4503,100697234145
232.277,4.3052,46.8484,0,85,80,83,1760,7000,3.33282,151,6.63868,1.65004,0,4503,100797312683
235.112,4.25329,46.8484,0,85,80,83,1760,7000,3.33282,151,6.63868,1.65004,0,4503,100897394796
241.822,4.13527,47.4747,0,87,79,83,1746,7000,3.33282,150,6.6388,1.65004,0,4500,100997478599
218.448,4.57775,47.4747,0,87,79,83,1746,7000,3.33282,150,6.6388,1.65004,0,4500,101097539159
221.724,4.51011,47.4747,0,87,79,83,1746,7000,3.33282,150,6.6388,1.65004,0,4500,101197622330
218.285,4.58116,47.4747,0,87,79,83,1746,7000,3.33282,150,6.6388,1.65004,0,4500,101297708089
206.739,4.83701,47.4747,0,87,79,83,1746,7000,3.33282,150,6.6388,1.65004,0,4500,101397788735
177.807,5.62406,45.1613,0,87,79,83,1746,7000,3.33282,150,6.63929,1.65004,0,4501,101497870492
190.796,5.24121,45.1613,0,87,79,83,1746,7000,3.33282,150,6.63929,1.65004,0,4501,101597951090
194.499,5.14141,45.1613,0,87,79,83,1746,7000,3.33282,150,6.63929,1.65004,0,4501,101698034139
195.553,5.11371,45.1613,0,87,79,83,1746,7000,3.33282,150,6.63929,1.65004,0,4501,101798124391
175.861,5.68632,45.1613,0,87,79,83,1746,7000,3.33282,150,6.63929,1.65004,0,4501,101898203862
202.8,4.93097,44.0536,0,86,79,83,1738,7000,3.33282,148,6.63939,1.65004,0,4500,101998285091
190.211,5.25733,44.0536,0,86,79,83,1738,7000,3.33282,148,6.63939,1.65004,0,4500,102098371539
196.269,5.09504,44.0536,0,86,79,83,1738,7000,3.33282,148,6.63939,1.65004,0,4500,102198450743
189.462,5.2781,44.0536,0,86,79,83,1738,7000,3.33282,148,6.63939,1.65004,0,4500,102298532220
184,5.43479,44.0536,0,86,79,83,1738,7000,3.33282,148,6.63939,1.65004,0,4500,102398614471
176.285,5.67262,42.6621,0,86,79,83,1801,7000,3.33282,145,6.639,1.65004,0,4501,102498694592
199.229,5.01935,42.6621,0,86,79,83,1801,7000,3.33282,145,6.639,1.65004,0,4501,102598777816
181.599,5.50663,42.6621,0,86,79,83,1801,7000,3.33282,145,6.639,1.65004,0,4501,102698837345
184.734,5.41319,42.6621,0,86,79,83,1801,7000,3.33282,145,6.639,1.65004,0,4501,102798919623
197.63,5.05996,42.6621,0,86,79,83,1801,7000,3.33282,145,6.639,1.65004,0,4501,102899005251
192.948,5.18274,43.1239,0,75,79,83,1782,7000,3.33282,145,6.639,1.65004,0,4500,102999098122
187.584,5.33095,43.1239,0,75,79,83,1782,7000,3.33282,145,6.639,1.65004,0,4500,103099190037
183.042,5.46322,43.1239,0,75,79,83,1782,7000,3.33282,145,6.639,1.65004,0,4500,103199273223
198.367,5.04117,43.1239,0,75,79,83,1782,7000,3.33282,145,6.639,1.65004,0,4500,103299361254
187.472,5.33414,43.1239,0,75,79,83,1782,7000,3.33282,145,6.639,1.65004,0,4500,103399448316
192.93,5.18321,42.9302,0,73,79,82,1800,7000,3.33282,145,6.63874,1.65004,0,4500,103499533250
194.71,5.13584,42.9302,0,73,79,82,1800,7000,3.33282,145,6.63874,1.65004,0,4500,103599625029
189.655,5.27274,42.9302,0,73,79,82,1800,7000,3.33282,145,6.63874,1.65004,0,4500,103699716228
184.135,5.4308,42.9302,0,73,79,82,1800,7000,3.33282,145,6.63874,1.65004,0,4500,103799801546
188.306,5.31051,42.9302,0,73,79,82,1800,7000,3.33282,145,6.63874,1.65004,0,4500,103899902774
182.203,5.4884,42.7101,0,73,79,82,1800,7000,3.33282,145,6.63874,1.65004,0,4500,103999988344
182.102,5.49144,42.7101,0,73,79,82,1800,7000,3.33282,145,6.63874,1.65004,0,4500,104100073122
179.575,5.5687,42.7101,0,73,79,82,1800,7000,3.33282,145,6.63874,1.65004,0,4500,104200153607
185.917,5.37875,42.7101,0,73,79,82,1800,7000,3.33282,145,6.63874,1.65004,0,4500,104300233056
183.173,5.45933,42.7101,0,73,79,82,1800,7000,3.33282,145,6.63874,1.65004,0,4500,104400316742
181.268,5.51669,43.9394,0,72,79,82,1800,7000,3.33282,143,6.63886,1.65004,0,4505,104500406872
189.722,5.27088,43.9394,0,72,79,82,1800,7000,3.33282,143,6.63886,1.65004,0,4505,104600487321
181.486,5.51006,43.9394,0,72,79,82,1800,7000,3.33282,143,6.63886,1.65004,0,4505,104700574334
178.714,5.59553,43.9394,0,72,79,82,1800,7000,3.33282,143,6.63886,1.65004,0,4505,104800662098
186.703,5.35611,43.9394,0,72,79,82,1800,7000,3.33282,143,6.63886,1.65004,0,4505,104900756467
180.348,5.54483,44.3698,0,69,79,82,1807,7000,3.33282,145,6.63874,1.65004,0,4500,105000809665
170.405,5.86837,44.3698,0,69,79,82,1807,7000,3.33282,145,6.63874,1.65004,0,4500,105100902314
181.464,5.51073,44.3698,0,69,79,82,1807,7000,3.33282,145,6.63874,1.65004,0,4500,105201002566
181.122,5.52113,44.3698,0,69,79,82,1807,7000,3.33282,145,6.63874,1.65004,0,4500,105301099085
177.577,5.63135,44.3698,0,69,79,82,1807,7000,3.33282,145,6.63874,1.65004,0,4500,105401181410
184.831,5.41036,44.0536,0,69,79,82,1798,7000,3.33282,143,6.6391,1.65004,0,4505,105501264082
